Workbook

Sheet 30 mA
A1: Tempo (s) | B1: Trecho 1 | C1: Trecho 2 | D1: Trecho 3 | E1: Trecho 4 | F1: Trecho 5 | G1: Trecho 6 | H1: Trecho 7 | I1: Trecho 8 | J1: Trecho 9 | K1: Trecho 10 | L1: MÉDIA | M1: Min. (A) | N1: Max. (A) | O1: Intervalo de confiança (t-Student, 95 %) | P1: Iq (ruído de quant., em A) --> | Q1: =0.00000001*12^(-0.5) -> 2.8867513e-09 | R1: Resol. (em A) --> | S1: 1e-08
A2: 1 | B2: =Plan11!$G11 -> 5.9154e-07 | C2: =Plan12!$G11 -> 5.396e-07 | D2: =Plan13!$G11 -> 5.7637e-07 | E2: =Plan14!$G11 -> 5.6141e-07 | F2: =Plan15!$G11 -> 5.7503e-07 | G2: =Plan16!$G11 -> 5.9695e-07 | H2: =Plan17!$G11 -> 5.9699e-07 | I2: =Plan18!$G11 -> 6.183e-07 | J2: =Plan19!$G11 -> 6.0384e-07 | K2: =Plan20!$G11 -> 5.8292e-07 | L2: =AVERAGE(B2:K2) -> 5.84295e-07 | M2: =L2-O2 -> 5.6815044e-07 | N2: =L2+O2 -> 6.0043956e-07 | O2: =_xlfn.CONFIDENCE.T(0.05,_xlfn.STDEV.S(B2:K2),COUNTA(B2:K2)) -> 1.6144562e-08
A3: 2 | B3: =Plan11!$G12 -> 3.4556e-07 | C3: =Plan12!$G12 -> 3.2512e-07 | D3: =Plan13!$G12 -> 3.2921e-07 | E3: =Plan14!$G12 -> 3.2249e-07 | F3: =Plan15!$G12 -> 3.2361e-07 | G3: =Plan16!$G12 -> 3.3995e-07 | H3: =Plan17!$G12 -> 3.5488e-07 | I3: =Plan18!$G12 -> 3.5185e-07 | J3: =Plan19!$G12 -> 3.5096e-07 | K3: =Plan20!$G12 -> 3.3902e-07 | L3: =AVERAGE(B3:K3) -> 3.38265e-07 | M3: =L3-O3 -> 3.2935312e-07 | N3: =L3+O3 -> 3.4717688e-07 | O3: =_xlfn.CONFIDENCE.T(0.05,_xlfn.STDEV.S(B3:K3),COUNTA(B3:K3)) -> 8.9118767e-09
A4: 3 | B4: =Plan11!$G13 -> 1.782e-07 | C4: =Plan12!$G13 -> 1.727e-07 | D4: =Plan13!$G13 -> 1.6361e-07 | E4: =Plan14!$G13 -> 1.5768e-07 | F4: =Plan15!$G13 -> 1.6153e-07 | G4: =Plan16!$G13 -> 1.6609e-07 | H4: =Plan17!$G13 -> 1.8766e-07 | I4: =Plan18!$G13 -> 1.7436e-07 | J4: =Plan19!$G13 -> 1.7182e-07 | K4: =Plan20!$G13 -> 1.6717e-07 | L4: =AVERAGE(B4:K4) -> 1.70082e-07 | M4: =L4-O4 -> 1.6378978e-07 | N4: =L4+O4 -> 1.7637422e-07 | O4: =_xlfn.CONFIDENCE.T(0.05,_xlfn.STDEV.S(B4:K4),COUNTA(B4:K4)) -> 6.2922171e-09
A5: 4 | B5: =Plan11!$G14 -> 1.7864e-07 | C5: =Plan12!$G14 -> 1.7407e-07 | D5: =Plan13!$G14 -> 1.7528e-07 | E5: =Plan14!$G14 -> 1.6554e-07 | F5: =Plan15!$G14 -> 1.7611e-07 | G5: =Plan16!$G14 -> 1.8044e-07 | H5: =Plan17!$G14 -> 1.809e-07 | I5: =Plan18!$G14 -> 1.8896e-07 | J5: =Plan19!$G14 -> 1.8177e-07 | K5: =Plan20!$G14 -> 1.7744e-07 | L5: =AVERAGE(B5:K5) -> 1.77915e-07 | M5: =L5-O5 -> 1.7357664e-07 | N5: =L5+O5 -> 1.8225336e-07 | O5: =_xlfn.CONFIDENCE.T(0.05,_xlfn.STDEV.S(B5:K5),COUNTA(B5:K5)) -> 4.3383646e-09
A6: 5 | B6: =Plan11!$G15 -> 1.6847e-07 | C6: =Plan12!$G15 -> 1.7347e-07 | D6: =Plan13!$G15 -> 1.713e-07 | E6: =Plan14!$G15 -> 1.6223e-07 | F6: =Plan15!$G15 -> 1.7092e-07 | G6: =Plan16!$G15 -> 1.7636e-07 | H6: =Plan17!$G15 -> 1.7523e-07 | I6: =Plan18!$G15 -> 1.8085e-07 | J6: =Plan19!$G15 -> 1.7382e-07 | K6: =Plan20!$G15 -> 1.7579e-07 | L6: =AVERAGE(B6:K6) -> 1.72844e-07 | M6: =L6-O6 -> 1.692273e-07 | N6: =L6+O6 -> 1.764607e-07 | O6: =_xlfn.CONFIDENCE.T(0.05,_xlfn.STDEV.S(B6:K6),COUNTA(B6:K6)) -> 3.6166953e-09
A7: 6 | B7: =Plan11!$G16 -> 1.2172e-07 | C7: =Plan12!$G16 -> 1.2827e-07 | D7: =Plan13!$G16 -> 1.235e-07 | E7: =Plan14!$G16 -> 1.2031e-07 | F7: =Plan15!$G16 -> 1.2921e-07 | G7: =Plan16!$G16 -> 1.2972e-07 | H7: =Plan17!$G16 -> 1.2465e-07 | I7: =Plan18!$G16 -> 1.362e-07 | J7: =Plan19!$G16 -> 1.3347e-07 | K7: =Plan20!$G16 -> 1.3364e-07 | L7: =AVERAGE(B7:K7) -> 1.28069e-07 | M7: =L7-O7 -> 1.2419853e-07 | N7: =L7+O7 -> 1.3193947e-07 | O7: =_xlfn.CONFIDENCE.T(0.05,_xlfn.STDEV.S(B7:K7),COUNTA(B7:K7)) -> 3.8704657e-09
A8: 7 | B8: =Plan11!$G17 -> 9.6563e-08 | C8: =Plan12!$G17 -> 9.5923e-08 | D8: =Plan13!$G17 -> 9.2414e-08 | E8: =Plan14!$G17 -> 9.94e-08 | F8: =Plan15!$G17 -> 1.0344e-07 | G8: =Plan16!$G17 -> 1.0647e-07 | H8: =Plan17!$G17 -> 8.8365e-08 | I8: =Plan18!$G17 -> 1.1049e-07 | J8: =Plan19!$G17 -> 1.1828e-07 | K8: =Plan20!$G17 -> 1.1329e-07 | L8: =AVERAGE(B8:K8) -> 1.024635e-07 | M8: =L8-O8 -> 9.5570849e-08 | N8: =L8+O8 -> 1.0935615e-07 | O8: =_xlfn.CONFIDENCE.T(0.05,_xlfn.STDEV.S(B8:K8),COUNTA(B8:K8)) -> 6.8926505e-09
A9: 8 | B9: =Plan11!$G18 -> 1.0913e-07 | C9: =Plan12!$G18 -> 1.0356e-07 | D9: =Plan13!$G18 -> 1.0613e-07 | E9: =Plan14!$G18 -> 1.1054e-07 | F9: =Plan15!$G18 -> 1.0771e-07 | G9: =Plan16!$G18 -> 1.1263e-07 | H9: =Plan17!$G18 -> 1.0126e-07 | I9: =Plan18!$G18 -> 1.1984e-07 | J9: =Plan19!$G18 -> 1.1668e-07 | K9: =Plan20!$G18 -> 1.2133e-07 | L9: =AVERAGE(B9:K9) -> 1.10881e-07 | M9: =L9-O9 -> 1.0606389e-07 | N9: =L9+O9 -> 1.1569811e-07 | O9: =_xlfn.CONFIDENCE.T(0.05,_xlfn.STDEV.S(B9:K9),COUNTA(B9:K9)) -> 4.8171077e-09
A10: 9 | B10: =Plan11!$G19 -> 1.0035e-07 | C10: =Plan12!$G19 -> 9.1438e-08 | D10: =Plan13!$G19 -> 9.279e-08 | E10: =Plan14!$G19 -> 1.016e-07 | F10: =Plan15!$G19 -> 9.1865e-08 | G10: =Plan16!$G19 -> 9.7977e-08 | H10: =Plan17!$G19 -> 8.8418e-08 | I10: =Plan18!$G19 -> 1.0714e-07 | J10: =Plan19!$G19 -> 1.0461e-07 | K10: =Plan20!$G19 -> 1.071e-07 | L10: =AVERAGE(B10:K10) -> 9.83288e-08 | M10: =L10-O10 -> 9.3400847e-08 | N10: =L10+O10 -> 1.0325675e-07 | O10: =_xlfn.CONFIDENCE.T(0.05,_xlfn.STDEV.S(B10:K10),COUNTA(B10:K10)) -> 4.9279532e-09
A11: 10 | B11: =Plan11!$G20 -> 8.1869e-08 | C11: =Plan12!$G20 -> 7.1033e-08 | D11: =Plan13!$G20 -> 7.226e-08 | E11: =Plan14!$G20 -> 8.5833e-08 | F11: =Plan15!$G20 -> 7.0396e-08 | G11: =Plan16!$G20 -> 7.7421e-08 | H11: =Plan17!$G20 -> 6.555e-08 | I11: =Plan18!$G20 -> 8.701e-08 | J11: =Plan19!$G20 -> 9.2485e-08 | K11: =Plan20!$G20 -> 8.9442e-08 | L11: =AVERAGE(B11:K11) -> 7.93299e-08 | M11: =L11-O11 -> 7.2690818e-08 | N11: =L11+O11 -> 8.5968982e-08 | O11: =_xlfn.CONFIDENCE.T(0.05,_xlfn.STDEV.S(B11:K11),COUNTA(B11:K11)) -> 6.6390818e-09
A12: 11 | B12: =Plan11!$G21 -> 8.7599e-08 | C12: =Plan12!$G21 -> 7.5056e-08 | D12: =Plan13!$G21 -> 8.2051e-08 | E12: =Plan14!$G21 -> 8.9861e-08 | F12: =Plan15!$G21 -> 7.3767e-08 | G12: =Plan16!$G21 -> 8.3232e-08 | H12: =Plan17!$G21 -> 7.6307e-08 | I12: =Plan18!$G21 -> 9.4083e-08 | J12: =Plan19!$G21 -> 9.0565e-08 | K12: =Plan20!$G21 -> 9.164e-08 | L12: =AVERAGE(B12:K12) -> 8.44161e-08 | M12: =L12-O12 -> 7.9100226e-08 | N12: =L12+O12 -> 8.9731974e-08 | O12: =_xlfn.CONFIDENCE.T(0.05,_xlfn.STDEV.S(B12:K12),COUNTA(B12:K12)) -> 5.3158744e-09
A13: 12 | B13: =Plan11!$G22 -> 8.5464e-08 | C13: =Plan12!$G22 -> 7.5651e-08 | D13: =Plan13!$G22 -> 8.1118e-08 | E13: =Plan14!$G22 -> 8.7677e-08 | F13: =Plan15!$G22 -> 7.0502e-08 | G13: =Plan16!$G22 -> 8.2073e-08 | H13: =Plan17!$G22 -> 7.4947e-08 | I13: =Plan18!$G22 -> 9.3215e-08 | J13: =Plan19!$G22 -> 8.6169e-08 | K13: =Plan20!$G22 -> 8.5001e-08 | L13: =AVERAGE(B13:K13) -> 8.21817e-08 | M13: =L13-O13 -> 7.7300108e-08 | N13: =L13+O13 -> 8.7063292e-08 | O13: =_xlfn.CONFIDENCE.T(0.05,_xlfn.STDEV.S(B13:K13),COUNTA(B13:K13)) -> 4.8815917e-09
... A88: 103 | B88: =Plan11!$G97 -> 4.1109e-08 | C88: =Plan12!$G97 -> 4.5803e-08 | D88: =Plan13!$G97 -> 3.1737e-08 | E88: =Plan14!$G97 -> 3.2713e-08 | F88: =Plan15!$G97 -> 2.9351e-08 | G88: =Plan16!$G97 -> 2.4319e-08 | H88: =Plan17!$G97 -> 4.3615e-08 | I88: =Plan18!$G97 -> 3.0335e-08 | J88: =Plan19!$G97 -> 4.3009e-08 | K88: =Plan20!$G97 -> 3.3646e-08 | L88: =AVERAGE(B88:K88) -> 3.55637e-08 | M88: =L88-O88 -> 3.0368517e-08 | N88: =L88+O88 -> 4.0758883e-08 | O88: =_xlfn.CONFIDENCE.T(0.05,_xlfn.STDEV.S(B88:K88),COUNTA(B88:K88)) -> 5.1951827e-09

Sheet Plan11
B1: STATISTICS | C1: FOR | D1: FILE: | E1: 30 | F1: mA | G1: NPLC | H1: 20 | I1: ini | J1: 2023 | K1: trecho | L1: 01.txt
B2: Frequency | C2: Data | D2: Points | E2: 1 | F2: thru | G2: 419 | H2: of | I2: 419
B3: Maximum | C3: = | D3: 0.03001419
B4: Minimum | C4: = | D4: 0.03001177
B5: Average | C5: = | D5: 0.03001331
B6: Sigma | C6: Type: | D6: Overlapping | E6: Allan
B7: Confidence | C7: Factor | D7: = | E7: 0.683
B8: Deadtime | C8: T/Tau | D8: = | E8: 1
B10: AF | C10: Tau | D10: # | E10: Alpha | F10: Min | G10: Sigma | H10: Sigma | I10: Max | J10: Sigma
B11: 1 | C11: 1 | D11: 418 | E11: 1 | F11: 0 | G11: 5.9154e-07 | H11: 0
B12: 2 | C12: 2 | D12: 416 | E12: 1 | F12: 0 | G12: 3.4556e-07 | H12: 0
B13: 3 | C13: 3 | D13: 414 | E13: 0 | F13: 0 | G13: 1.782e-07 | H13: 0
B14: 4 | C14: 4 | D14: 412 | E14: 0 | F14: 0 | G14: 1.7864e-07 | H14: 0
B15: 5 | C15: 5 | D15: 410 | E15: 1 | F15: 0 | G15: 1.6847e-07 | H15: 0
B16: 6 | C16: 6 | D16: 408 | E16: 0 | F16: 0 | G16: 1.2172e-07 | H16: 0
B17: 7 | C17: 7 | D17: 406 | E17: 0 | F17: 0 | G17: 9.6563e-08 | H17: 0
B18: 8 | C18: 8 | D18: 404 | E18: 0 | F18: 0 | G18: 1.0913e-07 | H18: 0
B19: 9 | C19: 9 | D19: 402 | E19: 0 | F19: 0 | G19: 1.0035e-07 | H19: 0
B20: 10 | C20: 10 | D20: 400 | E20: 0 | F20: 0 | G20: 8.1869e-08 | H20: 0
B21: 11 | C21: 11 | D21: 398 | E21: 0 | F21: 0 | G21: 8.7599e-08 | H21: 0
B22: 12 | C22: 12 | D22: 396 | E22: 0 | F22: 0 | G22: 8.5464e-08 | H22: 0
... B97: 103 | C97: 103 | D97: 214 | E97: 0 | F97: 0 | G97: 4.1109e-08 | H97: 0

Sheet Plan12
B1: STATISTICS | C1: FOR | D1: FILE: | E1: 30 | F1: mA | G1: NPLC | H1: 20 | I1: ini | J1: 2023 | K1: trecho | L1: 02.txt
B2: Frequency | C2: Data | D2: Points | E2: 1 | F2: thru | G2: 420 | H2: of | I2: 420
B3: Maximum | C3: = | D3: 0.03001414
B4: Minimum | C4: = | D4: 0.03001177
B5: Average | C5: = | D5: 0.03001321
B6: Sigma | C6: Type: | D6: Overlapping | E6: Allan
B7: Confidence | C7: Factor | D7: = | E7: 0.683
B8: Deadtime | C8: T/Tau | D8: = | E8: 1
B10: AF | C10: Tau | D10: # | E10: Alpha | F10: Min | G10: Sigma | H10: Sigma | I10: Max | J10: Sigma
B11: 1 | C11: 1 | D11: 419 | E11: 1 | F11: 0 | G11: 5.396e-07 | H11: 0
B12: 2 | C12: 2 | D12: 417 | E12: 1 | F12: 0 | G12: 3.2512e-07 | H12: 0
B13: 3 | C13: 3 | D13: 415 | E13: 0 | F13: 0 | G13: 1.727e-07 | H13: 0
B14: 4 | C14: 4 | D14: 413 | E14: 0 | F14: 0 | G14: 1.7407e-07 | H14: 0
B15: 5 | C15: 5 | D15: 411 | E15: 1 | F15: 0 | G15: 1.7347e-07 | H15: 0
B16: 6 | C16: 6 | D16: 409 | E16: 0 | F16: 0 | G16: 1.2827e-07 | H16: 0
B17: 7 | C17: 7 | D17: 407 | E17: 0 | F17: 0 | G17: 9.5923e-08 | H17: 0
B18: 8 | C18: 8 | D18: 405 | E18: 0 | F18: 0 | G18: 1.0356e-07 | H18: 0
B19: 9 | C19: 9 | D19: 403 | E19: 0 | F19: 0 | G19: 9.1438e-08 | H19: 0
B20: 10 | C20: 10 | D20: 401 | E20: 0 | F20: 0 | G20: 7.1033e-08 | H20: 0
B21: 11 | C21: 11 | D21: 399 | E21: 0 | F21: 0 | G21: 7.5056e-08 | H21: 0
B22: 12 | C22: 12 | D22: 397 | E22: 0 | F22: 0 | G22: 7.5651e-08 | H22: 0
... B97: 103 | C97: 103 | D97: 215 | E97: -1 | F97: 0 | G97: 4.5803e-08 | H97: 0

Sheet Plan13
B1: STATISTICS | C1: FOR | D1: FILE: | E1: 30 | F1: mA | G1: NPLC | H1: 20 | I1: ini | J1: 2023 | K1: trecho | L1: 03.txt
B2: Frequency | C2: Data | D2: Points | E2: 1 | F2: thru | G2: 419 | H2: of | I2: 419
B3: Maximum | C3: = | D3: 0.03001401
B4: Minimum | C4: = | D4: 0.03001163
B5: Average | C5: = | D5: 0.03001317
B6: Sigma | C6: Type: | D6: Overlapping | E6: Allan
B7: Confidence | C7: Factor | D7: = | E7: 0.683
B8: Deadtime | C8: T/Tau | D8: = | E8: 1
B10: AF | C10: Tau | D10: # | E10: Alpha | F10: Min | G10: Sigma | H10: Sigma | I10: Max | J10: Sigma
B11: 1 | C11: 1 | D11: 418 | E11: 1 | F11: 0 | G11: 5.7637e-07 | H11: 0
B12: 2 | C12: 2 | D12: 416 | E12: 1 | F12: 0 | G12: 3.2921e-07 | H12: 0
B13: 3 | C13: 3 | D13: 414 | E13: 0 | F13: 0 | G13: 1.6361e-07 | H13: 0
B14: 4 | C14: 4 | D14: 412 | E14: 0 | F14: 0 | G14: 1.7528e-07 | H14: 0
B15: 5 | C15: 5 | D15: 410 | E15: 2 | F15: 0 | G15: 1.713e-07 | H15: 0
B16: 6 | C16: 6 | D16: 408 | E16: 0 | F16: 0 | G16: 1.235e-07 | H16: 0
B17: 7 | C17: 7 | D17: 406 | E17: 0 | F17: 0 | G17: 9.2414e-08 | H17: 0
B18: 8 | C18: 8 | D18: 404 | E18: 0 | F18: 0 | G18: 1.0613e-07 | H18: 0
B19: 9 | C19: 9 | D19: 402 | E19: 0 | F19: 0 | G19: 9.279e-08 | H19: 0
B20: 10 | C20: 10 | D20: 400 | E20: 0 | F20: 0 | G20: 7.226e-08 | H20: 0
B21: 11 | C21: 11 | D21: 398 | E21: 0 | F21: 0 | G21: 8.2051e-08 | H21: 0
B22: 12 | C22: 12 | D22: 396 | E22: 0 | F22: 0 | G22: 8.1118e-08 | H22: 0
... B97: 103 | C97: 103 | D97: 214 | E97: -1 | F97: 0 | G97: 3.1737e-08 | H97: 0

Sheet Plan14
B1: STATISTICS | C1: FOR | D1: FILE: | E1: 30 | F1: mA | G1: NPLC | H1: 20 | I1: ini | J1: 2023 | K1: trecho | L1: 04.txt
B2: Frequency | C2: Data | D2: Points | E2: 1 | F2: thru | G2: 419 | H2: of | I2: 419
B3: Maximum | C3: = | D3: 0.03001413
B4: Minimum | C4: = | D4: 0.0300117
B5: Average | C5: = | D5: 0.03001312
B6: Sigma | C6: Type: | D6: Overlapping | E6: Allan
B7: Confidence | C7: Factor | D7: = | E7: 0.683
B8: Deadtime | C8: T/Tau | D8: = | E8: 1
B10: AF | C10: Tau | D10: # | E10: Alpha | F10: Min | G10: Sigma | H10: Sigma | I10: Max | J10: Sigma
B11: 1 | C11: 1 | D11: 418 | E11: 1 | F11: 0 | G11: 5.6141e-07 | H11: 0
B12: 2 | C12: 2 | D12: 416 | E12: 1 | F12: 0 | G12: 3.2249e-07 | H12: 0
B13: 3 | C13: 3 | D13: 414 | E13: 0 | F13: 0 | G13: 1.5768e-07 | H13: 0
B14: 4 | C14: 4 | D14: 412 | E14: 0 | F14: 0 | G14: 1.6554e-07 | H14: 0
B15: 5 | C15: 5 | D15: 410 | E15: 1 | F15: 0 | G15: 1.6223e-07 | H15: 0
B16: 6 | C16: 6 | D16: 408 | E16: 0 | F16: 0 | G16: 1.2031e-07 | H16: 0
B17: 7 | C17: 7 | D17: 406 | E17: 0 | F17: 0 | G17: 9.94e-08 | H17: 0
B18: 8 | C18: 8 | D18: 404 | E18: 0 | F18: 0 | G18: 1.1054e-07 | H18: 0
B19: 9 | C19: 9 | D19: 402 | E19: 0 | F19: 0 | G19: 1.016e-07 | H19: 0
B20: 10 | C20: 10 | D20: 400 | E20: 0 | F20: 0 | G20: 8.5833e-08 | H20: 0
B21: 11 | C21: 11 | D21: 398 | E21: 0 | F21: 0 | G21: 8.9861e-08 | H21: 0
B22: 12 | C22: 12 | D22: 396 | E22: 0 | F22: 0 | G22: 8.7677e-08 | H22: 0
... B97: 103 | C97: 103 | D97: 214 | E97: 0 | F97: 0 | G97: 3.2713e-08 | H97: 0

Sheet Plan15
B1: STATISTICS | C1: FOR | D1: FILE: | E1: 30 | F1: mA | G1: NPLC | H1: 20 | I1: ini | J1: 2023 | K1: trecho | L1: 05.txt
B2: Frequency | C2: Data | D2: Points | E2: 1 | F2: thru | G2: 418 | H2: of | I2: 418
B3: Maximum | C3: = | D3: 0.03001405
B4: Minimum | C4: = | D4: 0.03001163
B5: Average | C5: = | D5: 0.0300131
B6: Sigma | C6: Type: | D6: Overlapping | E6: Allan
B7: Confidence | C7: Factor | D7: = | E7: 0.683
B8: Deadtime | C8: T/Tau | D8: = | E8: 1
B10: AF | C10: Tau | D10: # | E10: Alpha | F10: Min | G10: Sigma | H10: Sigma | I10: Max | J10: Sigma
B11: 1 | C11: 1 | D11: 417 | E11: 1 | F11: 0 | G11: 5.7503e-07 | H11: 0
B12: 2 | C12: 2 | D12: 415 | E12: 1 | F12: 0 | G12: 3.2361e-07 | H12: 0
B13: 3 | C13: 3 | D13: 413 | E13: 0 | F13: 0 | G13: 1.6153e-07 | H13: 0
B14: 4 | C14: 4 | D14: 411 | E14: 1 | F14: 0 | G14: 1.7611e-07 | H14: 0
B15: 5 | C15: 5 | D15: 409 | E15: 1 | F15: 0 | G15: 1.7092e-07 | H15: 0
B16: 6 | C16: 6 | D16: 407 | E16: 0 | F16: 0 | G16: 1.2921e-07 | H16: 0
B17: 7 | C17: 7 | D17: 405 | E17: 0 | F17: 0 | G17: 1.0344e-07 | H17: 0
B18: 8 | C18: 8 | D18: 403 | E18: 0 | F18: 0 | G18: 1.0771e-07 | H18: 0
B19: 9 | C19: 9 | D19: 401 | E19: 0 | F19: 0 | G19: 9.1865e-08 | H19: 0
B20: 10 | C20: 10 | D20: 399 | E20: 0 | F20: 0 | G20: 7.0396e-08 | H20: 0
B21: 11 | C21: 11 | D21: 397 | E21: 0 | F21: 0 | G21: 7.3767e-08 | H21: 0
B22: 12 | C22: 12 | D22: 395 | E22: 2 | F22: 0 | G22: 7.0502e-08 | H22: 0
... B97: 103 | C97: 103 | D97: 213 | E97: -1 | F97: 0 | G97: 2.9351e-08 | H97: 0

Sheet Plan16
B1: STATISTICS | C1: FOR | D1: FILE: | E1: -30 | F1: mA | G1: NPLC | H1: 20 | I1: ini | J1: 2023 | K1: trecho | L1: 01.txt
B2: Frequency | C2: Data | D2: Points | E2: 1 | F2: thru | G2: 420 | H2: of | I2: 420
B3: Maximum | C3: = | D3: -0.02998567
B4: Minimum | C4: = | D4: -0.02998833
B5: Average | C5: = | D5: -0.02998665
B6: Sigma | C6: Type: | D6: Overlapping | E6: Allan
B7: Confidence | C7: Factor | D7: = | E7: 0.683
B8: Deadtime | C8: T/Tau | D8: = | E8: 1
B10: AF | C10: Tau | D10: # | E10: Alpha | F10: Min | G10: Sigma | H10: Sigma | I10: Max | J10: Sigma
B11: 1 | C11: 1 | D11: 419 | E11: 1 | F11: 0 | G11: 5.9695e-07 | H11: 0
B12: 2 | C12: 2 | D12: 417 | E12: 1 | F12: 0 | G12: 3.3995e-07 | H12: 0
B13: 3 | C13: 3 | D13: 415 | E13: 0 | F13: 0 | G13: 1.6609e-07 | H13: 0
B14: 4 | C14: 4 | D14: 413 | E14: 0 | F14: 0 | G14: 1.8044e-07 | H14: 0
B15: 5 | C15: 5 | D15: 411 | E15: 2 | F15: 0 | G15: 1.7636e-07 | H15: 0
B16: 6 | C16: 6 | D16: 409 | E16: 0 | F16: 0 | G16: 1.2972e-07 | H16: 0
B17: 7 | C17: 7 | D17: 407 | E17: 0 | F17: 0 | G17: 1.0647e-07 | H17: 0
B18: 8 | C18: 8 | D18: 405 | E18: 1 | F18: 0 | G18: 1.1263e-07 | H18: 0
B19: 9 | C19: 9 | D19: 403 | E19: 0 | F19: 0 | G19: 9.7977e-08 | H19: 0
B20: 10 | C20: 10 | D20: 401 | E20: 0 | F20: 0 | G20: 7.7421e-08 | H20: 0
B21: 11 | C21: 11 | D21: 399 | E21: 0 | F21: 0 | G21: 8.3232e-08 | H21: 0
B22: 12 | C22: 12 | D22: 397 | E22: 0 | F22: 0 | G22: 8.2073e-08 | H22: 0
... B97: 103 | C97: 103 | D97: 215 | E97: 0 | F97: 0 | G97: 2.4319e-08 | H97: 0

Sheet Plan17
B1: STATISTICS | C1: FOR | D1: FILE: | E1: -30 | F1: mA | G1: NPLC | H1: 20 | I1: ini | J1: 2023 | K1: trecho | L1: 02.txt
B2: Frequency | C2: Data | D2: Points | E2: 1 | F2: thru | G2: 420 | H2: of | I2: 420
B3: Maximum | C3: = | D3: -0.02998571
B4: Minimum | C4: = | D4: -0.02998823
B5: Average | C5: = | D5: -0.02998669
B6: Sigma | C6: Type: | D6: Overlapping | E6: Allan
B7: Confidence | C7: Factor | D7: = | E7: 0.683
B8: Deadtime | C8: T/Tau | D8: = | E8: 1
B10: AF | C10: Tau | D10: # | E10: Alpha | F10: Min | G10: Sigma | H10: Sigma | I10: Max | J10: Sigma
B11: 1 | C11: 1 | D11: 419 | E11: 1 | F11: 0 | G11: 5.9699e-07 | H11: 0
B12: 2 | C12: 2 | D12: 417 | E12: 1 | F12: 0 | G12: 3.5488e-07 | H12: 0
B13: 3 | C13: 3 | D13: 415 | E13: 0 | F13: 0 | G13: 1.8766e-07 | H13: 0
B14: 4 | C14: 4 | D14: 413 | E14: 1 | F14: 0 | G14: 1.809e-07 | H14: 0
B15: 5 | C15: 5 | D15: 411 | E15: 2 | F15: 0 | G15: 1.7523e-07 | H15: 0
B16: 6 | C16: 6 | D16: 409 | E16: 0 | F16: 0 | G16: 1.2465e-07 | H16: 0
B17: 7 | C17: 7 | D17: 407 | E17: 0 | F17: 0 | G17: 8.8365e-08 | H17: 0
B18: 8 | C18: 8 | D18: 405 | E18: 1 | F18: 0 | G18: 1.0126e-07 | H18: 0
B19: 9 | C19: 9 | D19: 403 | E19: 0 | F19: 0 | G19: 8.8418e-08 | H19: 0
B20: 10 | C20: 10 | D20: 401 | E20: 0 | F20: 0 | G20: 6.555e-08 | H20: 0
B21: 11 | C21: 11 | D21: 399 | E21: 0 | F21: 0 | G21: 7.6307e-08 | H21: 0
B22: 12 | C22: 12 | D22: 397 | E22: 0 | F22: 0 | G22: 7.4947e-08 | H22: 0
... B97: 103 | C97: 103 | D97: 215 | E97: 0 | F97: 0 | G97: 4.3615e-08 | H97: 0

Sheet Plan18
B1: STATISTICS | C1: FOR | D1: FILE: | E1: -30 | F1: mA | G1: NPLC | H1: 20 | I1: ini | J1: 2023 | K1: trecho | L1: 03.txt
B2: Frequency | C2: Data | D2: Points | E2: 1 | F2: thru | G2: 419 | H2: of | I2: 419
B3: Maximum | C3: = | D3: -0.02998573
B4: Minimum | C4: = | D4: -0.02998827
B5: Average | C5: = | D5: -0.0299867
B6: Sigma | C6: Type: | D6: Overlapping | E6: Allan
B7: Confidence | C7: Factor | D7: = | E7: 0.683
B8: Deadtime | C8: T/Tau | D8: = | E8: 1
B10: AF | C10: Tau | D10: # | E10: Alpha | F10: Min | G10: Sigma | H10: Sigma | I10: Max | J10: Sigma
B11: 1 | C11: 1 | D11: 418 | E11: 1 | F11: 0 | G11: 6.183e-07 | H11: 0
B12: 2 | C12: 2 | D12: 416 | E12: 1 | F12: 0 | G12: 3.5185e-07 | H12: 0
B13: 3 | C13: 3 | D13: 414 | E13: 0 | F13: 0 | G13: 1.7436e-07 | H13: 0
B14: 4 | C14: 4 | D14: 412 | E14: 0 | F14: 0 | G14: 1.8896e-07 | H14: 0
B15: 5 | C15: 5 | D15: 410 | E15: 1 | F15: 0 | G15: 1.8085e-07 | H15: 0
B16: 6 | C16: 6 | D16: 408 | E16: 0 | F16: 0 | G16: 1.362e-07 | H16: 0
B17: 7 | C17: 7 | D17: 406 | E17: 0 | F17: 0 | G17: 1.1049e-07 | H17: 0
B18: 8 | C18: 8 | D18: 404 | E18: 0 | F18: 0 | G18: 1.1984e-07 | H18: 0
B19: 9 | C19: 9 | D19: 402 | E19: 0 | F19: 0 | G19: 1.0714e-07 | H19: 0
B20: 10 | C20: 10 | D20: 400 | E20: 0 | F20: 0 | G20: 8.701e-08 | H20: 0
B21: 11 | C21: 11 | D21: 398 | E21: 0 | F21: 0 | G21: 9.4083e-08 | H21: 0
B22: 12 | C22: 12 | D22: 396 | E22: 0 | F22: 0 | G22: 9.3215e-08 | H22: 0
... B97: 103 | C97: 103 | D97: 214 | E97: 0 | F97: 0 | G97: 3.0335e-08 | H97: 0

Sheet Plan19
B1: STATISTICS | C1: FOR | D1: FILE: | E1: -30 | F1: mA | G1: NPLC | H1: 20 | I1: ini | J1: 2023 | K1: trecho | L1: 04.txt
B2: Frequency | C2: Data | D2: Points | E2: 1 | F2: thru | G2: 419 | H2: of | I2: 419
B3: Maximum | C3: = | D3: -0.02998582
B4: Minimum | C4: = | D4: -0.02998823
B5: Average | C5: = | D5: -0.02998675
B6: Sigma | C6: Type: | D6: Overlapping | E6: Allan
B7: Confidence | C7: Factor | D7: = | E7: 0.683
B8: Deadtime | C8: T/Tau | D8: = | E8: 1
B10: AF | C10: Tau | D10: # | E10: Alpha | F10: Min | G10: Sigma | H10: Sigma | I10: Max | J10: Sigma
B11: 1 | C11: 1 | D11: 418 | E11: 1 | F11: 0 | G11: 6.0384e-07 | H11: 0
B12: 2 | C12: 2 | D12: 416 | E12: 1 | F12: 0 | G12: 3.5096e-07 | H12: 0
B13: 3 | C13: 3 | D13: 414 | E13: 0 | F13: 0 | G13: 1.7182e-07 | H13: 0
B14: 4 | C14: 4 | D14: 412 | E14: 0 | F14: 0 | G14: 1.8177e-07 | H14: 0
B15: 5 | C15: 5 | D15: 410 | E15: 0 | F15: 0 | G15: 1.7382e-07 | H15: 0
B16: 6 | C16: 6 | D16: 408 | E16: 0 | F16: 0 | G16: 1.3347e-07 | H16: 0
B17: 7 | C17: 7 | D17: 406 | E17: 0 | F17: 0 | G17: 1.1828e-07 | H17: 0
B18: 8 | C18: 8 | D18: 404 | E18: 0 | F18: 0 | G18: 1.1668e-07 | H18: 0
B19: 9 | C19: 9 | D19: 402 | E19: 0 | F19: 0 | G19: 1.0461e-07 | H19: 0
B20: 10 | C20: 10 | D20: 400 | E20: -1 | F20: 0 | G20: 9.2485e-08 | H20: 0
B21: 11 | C21: 11 | D21: 398 | E21: 0 | F21: 0 | G21: 9.0565e-08 | H21: 0
B22: 12 | C22: 12 | D22: 396 | E22: 0 | F22: 0 | G22: 8.6169e-08 | H22: 0
... B97: 103 | C97: 103 | D97: 214 | E97: -1 | F97: 0 | G97: 4.3009e-08 | H97: 0

Sheet Plan20
B1: STATISTICS | C1: FOR | D1: FILE: | E1: -30 | F1: mA | G1: NPLC | H1: 20 | I1: ini | J1: 2023 | K1: trecho | L1: 05.txt
B2: Frequency | C2: Data | D2: Points | E2: 1 | F2: thru | G2: 419 | H2: of | I2: 419
B3: Maximum | C3: = | D3: -0.02998583
B4: Minimum | C4: = | D4: -0.02998832
B5: Average | C5: = | D5: -0.02998677
B6: Sigma | C6: Type: | D6: Overlapping | E6: Allan
B7: Confidence | C7: Factor | D7: = | E7: 0.683
B8: Deadtime | C8: T/Tau | D8: = | E8: 1
B10: AF | C10: Tau | D10: # | E10: Alpha | F10: Min | G10: Sigma | H10: Sigma | I10: Max | J10: Sigma
B11: 1 | C11: 1 | D11: 418 | E11: 1 | F11: 0 | G11: 5.8292e-07 | H11: 0
B12: 2 | C12: 2 | D12: 416 | E12: 1 | F12: 0 | G12: 3.3902e-07 | H12: 0
B13: 3 | C13: 3 | D13: 414 | E13: 0 | F13: 0 | G13: 1.6717e-07 | H13: 0
B14: 4 | C14: 4 | D14: 412 | E14: 0 | F14: 0 | G14: 1.7744e-07 | H14: 0
B15: 5 | C15: 5 | D15: 410 | E15: 1 | F15: 0 | G15: 1.7579e-07 | H15: 0
B16: 6 | C16: 6 | D16: 408 | E16: 0 | F16: 0 | G16: 1.3364e-07 | H16: 0
B17: 7 | C17: 7 | D17: 406 | E17: 0 | F17: 0 | G17: 1.1329e-07 | H17: 0
B18: 8 | C18: 8 | D18: 404 | E18: 0 | F18: 0 | G18: 1.2133e-07 | H18: 0
B19: 9 | C19: 9 | D19: 402 | E19: 1 | F19: 0 | G19: 1.071e-07 | H19: 0
B20: 10 | C20: 10 | D20: 400 | E20: 0 | F20: 0 | G20: 8.9442e-08 | H20: 0
B21: 11 | C21: 11 | D21: 398 | E21: 0 | F21: 0 | G21: 9.164e-08 | H21: 0
B22: 12 | C22: 12 | D22: 396 | E22: 0 | F22: 0 | G22: 8.5001e-08 | H22: 0
... B97: 103 | C97: 103 | D97: 214 | E97: -1 | F97: 0 | G97: 3.3646e-08 | H97: 0

Sheet 10 mA
A1: Tempo (s) | B1: Trecho 1 | C1: Trecho 2 | D1: Trecho 3 | E1: Trecho 4 | F1: Trecho 5 | G1: Trecho 6 | H1: Trecho 7 | I1: Trecho 8 | J1: Trecho 9 | K1: Trecho 10 | L1: MÉDIA | M1: Min. (A) | N1: Max. (A) | O1: Intervalo de confiança (t-Student, 95 %) | P1: Iq (ruído de quant., em A) --> | Q1: =0.000000001*12^(-0.5) -> 2.8867513e-10 | R1: Resol. (em A) --> | S1: 1e-09
A2: 1 | B2: ='Plan11 (2)'!$G11 -> 6.0903e-08 | C2: ='Plan12 (2)'!$G11 -> 6.4708e-08 | D2: ='Plan13 (2)'!$G11 -> 6.7923e-08 | E2: ='Plan14 (2)'!$G11 -> 6.4501e-08 | F2: ='Plan15 (2)'!$G11 -> 6.5133e-08 | G2: ='Plan16 (2)'!$G11 -> 5.8729e-08 | H2: ='Plan17 (2)'!$G11 -> 6.0543e-08 | I2: ='Plan18 (2)'!$G11 -> 6.117e-08 | J2: ='Plan19 (2)'!$G11 -> 6.0597e-08 | K2: ='Plan20 (2)'!$G11 -> 6.2845e-08 | L2: =AVERAGE(B2:K2) -> 6.27052e-08 | M2: =L2-O2 -> 6.0697241e-08 | N2: =L2+O2 -> 6.4713159e-08 | O2: =_xlfn.CONFIDENCE.T(0.05,_xlfn.STDEV.S(B2:K2),COUNTA(B2:K2)) -> 2.0079588e-09
A3: 2 | B3: ='Plan11 (2)'!$G12 -> 3.1096e-08 | C3: ='Plan12 (2)'!$G12 -> 2.7973e-08 | D3: ='Plan13 (2)'!$G12 -> 3.1598e-08 | E3: ='Plan14 (2)'!$G12 -> 2.6584e-08 | F3: ='Plan15 (2)'!$G12 -> 2.7626e-08 | G3: ='Plan16 (2)'!$G12 -> 2.8841e-08 | H3: ='Plan17 (2)'!$G12 -> 2.8039e-08 | I3: ='Plan18 (2)'!$G12 -> 2.7196e-08 | J3: ='Plan19 (2)'!$G12 -> 2.7555e-08 | K3: ='Plan20 (2)'!$G12 -> 2.5024e-08 | L3: =AVERAGE(B3:K3) -> 2.81532e-08 | M3: =L3-O3 -> 2.6745491e-08 | N3: =L3+O3 -> 2.9560909e-08 | O3: =_xlfn.CONFIDENCE.T(0.05,_xlfn.STDEV.S(B3:K3),COUNTA(B3:K3)) -> 1.4077089e-09
A4: 3 | B4: ='Plan11 (2)'!$G13 -> 1.8173e-08 | C4: ='Plan12 (2)'!$G13 -> 1.7235e-08 | D4: ='Plan13 (2)'!$G13 -> 2.0841e-08 | E4: ='Plan14 (2)'!$G13 -> 2.0964e-08 | F4: ='Plan15 (2)'!$G13 -> 2.4233e-08 | G4: ='Plan16 (2)'!$G13 -> 1.7487e-08 | H4: ='Plan17 (2)'!$G13 -> 1.9119e-08 | I4: ='Plan18 (2)'!$G13 -> 1.809e-08 | J4: ='Plan19 (2)'!$G13 -> 2.0728e-08 | K4: ='Plan20 (2)'!$G13 -> 2.1692e-08 | L4: =AVERAGE(B4:K4) -> 1.98562e-08 | M4: =L4-O4 -> 1.8266177e-08 | N4: =L4+O4 -> 2.1446223e-08 | O4: =_xlfn.CONFIDENCE.T(0.05,_xlfn.STDEV.S(B4:K4),COUNTA(B4:K4)) -> 1.590023e-09
A5: 4 | B5: ='Plan11 (2)'!$G14 -> 2.2067e-08 | C5: ='Plan12 (2)'!$G14 -> 2.1315e-08 | D5: ='Plan13 (2)'!$G14 -> 2.4512e-08 | E5: ='Plan14 (2)'!$G14 -> 2.0086e-08 | F5: ='Plan15 (2)'!$G14 -> 2.2026e-08 | G5: ='Plan16 (2)'!$G14 -> 2.1024e-08 | H5: ='Plan17 (2)'!$G14 -> 2.1468e-08 | I5: ='Plan18 (2)'!$G14 -> 2.0582e-08 | J5: ='Plan19 (2)'!$G14 -> 2.1195e-08 | K5: ='Plan20 (2)'!$G14 -> 1.8051e-08 | L5: =AVERAGE(B5:K5) -> 2.12326e-08 | M5: =L5-O5 -> 2.0063263e-08 | N5: =L5+O5 -> 2.2401937e-08 | O5: =_xlfn.CONFIDENCE.T(0.05,_xlfn.STDEV.S(B5:K5),COUNTA(B5:K5)) -> 1.1693369e-09
A6: 5 | B6: ='Plan11 (2)'!$G15 -> 1.7495e-08 | C6: ='Plan12 (2)'!$G15 -> 1.478e-08 | D6: ='Plan13 (2)'!$G15 -> 1.8464e-08 | E6: ='Plan14 (2)'!$G15 -> 1.6343e-08 | F6: ='Plan15 (2)'!$G15 -> 1.894e-08 | G6: ='Plan16 (2)'!$G15 -> 1.749e-08 | H6: ='Plan17 (2)'!$G15 -> 1.5447e-08 | I6: ='Plan18 (2)'!$G15 -> 1.5307e-08 | J6: ='Plan19 (2)'!$G15 -> 1.5953e-08 | K6: ='Plan20 (2)'!$G15 -> 1.6457e-08 | L6: =AVERAGE(B6:K6) -> 1.66676e-08 | M6: =L6-O6 -> 1.5675332e-08 | N6: =L6+O6 -> 1.7659868e-08 | O6: =_xlfn.CONFIDENCE.T(0.05,_xlfn.STDEV.S(B6:K6),COUNTA(B6:K6)) -> 9.9226786e-10
A7: 6 | B7: ='Plan11 (2)'!$G16 -> 1.3979e-08 | C7: ='Plan12 (2)'!$G16 -> 1.3939e-08 | D7: ='Plan13 (2)'!$G16 -> 1.705e-08 | E7: ='Plan14 (2)'!$G16 -> 1.7064e-08 | F7: ='Plan15 (2)'!$G16 -> 1.874e-08 | G7: ='Plan16 (2)'!$G16 -> 1.6259e-08 | H7: ='Plan17 (2)'!$G16 -> 1.385e-08 | I7: ='Plan18 (2)'!$G16 -> 1.4357e-08 | J7: ='Plan19 (2)'!$G16 -> 1.5724e-08 | K7: ='Plan20 (2)'!$G16 -> 1.4996e-08 | L7: =AVERAGE(B7:K7) -> 1.55958e-08 | M7: =L7-O7 -> 1.4405596e-08 | N7: =L7+O7 -> 1.6786004e-08 | O7: =_xlfn.CONFIDENCE.T(0.05,_xlfn.STDEV.S(B7:K7),COUNTA(B7:K7)) -> 1.1902044e-09
A8: 7 | B8: ='Plan11 (2)'!$G17 -> 1.4248e-08 | C8: ='Plan12 (2)'!$G17 -> 1.4264e-08 | D8: ='Plan13 (2)'!$G17 -> 1.6946e-08 | E8: ='Plan14 (2)'!$G17 -> 1.4317e-08 | F8: ='Plan15 (2)'!$G17 -> 1.5915e-08 | G8: ='Plan16 (2)'!$G17 -> 1.7487e-08 | H8: ='Plan17 (2)'!$G17 -> 1.3097e-08 | I8: ='Plan18 (2)'!$G17 -> 1.3277e-08 | J8: ='Plan19 (2)'!$G17 -> 1.3815e-08 | K8: ='Plan20 (2)'!$G17 -> 1.2681e-08 | L8: =AVERAGE(B8:K8) -> 1.46047e-08 | M8: =L8-O8 -> 1.3431852e-08 | N8: =L8+O8 -> 1.5777548e-08 | O8: =_xlfn.CONFIDENCE.T(0.05,_xlfn.STDEV.S(B8:K8),COUNTA(B8:K8)) -> 1.1728485e-09
A9: 8 | B9: ='Plan11 (2)'!$G18 -> 1.2145e-08 | C9: ='Plan12 (2)'!$G18 -> 1.2475e-08 | D9: ='Plan13 (2)'!$G18 -> 1.5541e-08 | E9: ='Plan14 (2)'!$G18 -> 1.4862e-08 | F9: ='Plan15 (2)'!$G18 -> 1.6902e-08 | G9: ='Plan16 (2)'!$G18 -> 1.6869e-08 | H9: ='Plan17 (2)'!$G18 -> 1.1137e-08 | I9: ='Plan18 (2)'!$G18 -> 1.2157e-08 | J9: ='Plan19 (2)'!$G18 -> 1.3962e-08 | K9: ='Plan20 (2)'!$G18 -> 1.3219e-08 | L9: =AVERAGE(B9:K9) -> 1.39269e-08 | M9: =L9-O9 -> 1.2463018e-08 | N9: =L9+O9 -> 1.5390782e-08 | O9: =_xlfn.CONFIDENCE.T(0.05,_xlfn.STDEV.S(B9:K9),COUNTA(B9:K9)) -> 1.4638821e-09
A10: 9 | B10: ='Plan11 (2)'!$G19 -> 1.1102e-08 | C10: ='Plan12 (2)'!$G19 -> 1.2948e-08 | D10: ='Plan13 (2)'!$G19 -> 1.6296e-08 | E10: ='Plan14 (2)'!$G19 -> 1.4096e-08 | F10: ='Plan15 (2)'!$G19 -> 1.5839e-08 | G10: ='Plan16 (2)'!$G19 -> 1.716e-08 | H10: ='Plan17 (2)'!$G19 -> 1.1273e-08 | I10: ='Plan18 (2)'!$G19 -> 1.1961e-08 | J10: ='Plan19 (2)'!$G19 -> 1.434e-08 | K10: ='Plan20 (2)'!$G19 -> 1.1623e-08 | L10: =AVERAGE(B10:K10) -> 1.36638e-08 | M10: =L10-O10 -> 1.2075218e-08 | N10: =L10+O10 -> 1.5252382e-08 | O10: =_xlfn.CONFIDENCE.T(0.05,_xlfn.STDEV.S(B10:K10),COUNTA(B10:K10)) -> 1.5885816e-09
A11: 10 | B11: ='Plan11 (2)'!$G20 -> 1.1556e-08 | C11: ='Plan12 (2)'!$G20 -> 1.2452e-08 | D11: ='Plan13 (2)'!$G20 -> 1.6562e-08 | E11: ='Plan14 (2)'!$G20 -> 1.3241e-08 | F11: ='Plan15 (2)'!$G20 -> 1.5736e-08 | G11: ='Plan16 (2)'!$G20 -> 1.7891e-08 | H11: ='Plan17 (2)'!$G20 -> 1.0233e-08 | I11: ='Plan18 (2)'!$G20 -> 1.095e-08 | J11: ='Plan19 (2)'!$G20 -> 1.3587e-08 | K11: ='Plan20 (2)'!$G20 -> 1.1746e-08 | L11: =AVERAGE(B11:K11) -> 1.33954e-08 | M11: =L11-O11 -> 1.1567676e-08 | N11: =L11+O11 -> 1.5223124e-08 | O11: =_xlfn.CONFIDENCE.T(0.05,_xlfn.STDEV.S(B11:K11),COUNTA(B11:K11)) -> 1.8277241e-09
A12: 11 | B12: ='Plan11 (2)'!$G21 -> 1.0871e-08 | C12: ='Plan12 (2)'!$G21 -> 1.2156e-08 | D12: ='Plan13 (2)'!$G21 -> 1.6749e-08 | E12: ='Plan14 (2)'!$G21 -> 1.3108e-08 | F12: ='Plan15 (2)'!$G21 -> 1.5939e-08 | G12: ='Plan16 (2)'!$G21 -> 1.8204e-08 | H12: ='Plan17 (2)'!$G21 -> 1.0049e-08 | I12: ='Plan18 (2)'!$G21 -> 1.0937e-08 | J12: ='Plan19 (2)'!$G21 -> 1.4273e-08 | K12: ='Plan20 (2)'!$G21 -> 1.1271e-08 | L12: =AVERAGE(B12:K12) -> 1.33557e-08 | M12: =L12-O12 -> 1.1341659e-08 | N12: =L12+O12 -> 1.5369741e-08 | O12: =_xlfn.CONFIDENCE.T(0.05,_xlfn.STDEV.S(B12:K12),COUNTA(B12:K12)) -> 2.0140412e-09
A13: 12 | B13: ='Plan11 (2)'!$G22 -> 1.0799e-08 | C13: ='Plan12 (2)'!$G22 -> 1.2518e-08 | D13: ='Plan13 (2)'!$G22 -> 1.758e-08 | E13: ='Plan14 (2)'!$G22 -> 1.2341e-08 | F13: ='Plan15 (2)'!$G22 -> 1.5827e-08 | G13: ='Plan16 (2)'!$G22 -> 1.8892e-08 | H13: ='Plan17 (2)'!$G22 -> 1.049e-08 | I13: ='Plan18 (2)'!$G22 -> 1.0828e-08 | J13: ='Plan19 (2)'!$G22 -> 1.4355e-08 | K13: ='Plan20 (2)'!$G22 -> 1.1463e-08 | L13: =AVERAGE(B13:K13) -> 1.35093e-08 | M13: =L13-O13 -> 1.1352431e-08 | N13: =L13+O13 -> 1.5666169e-08 | O13: =_xlfn.CONFIDENCE.T(0.05,_xlfn.STDEV.S(B13:K13),COUNTA(B13:K13)) -> 2.1568694e-09
... A88: 103 | B88: ='Plan11 (2)'!$G97 -> 6.4563e-09 | C88: ='Plan12 (2)'!$G97 -> 1.55e-08 | D88: ='Plan13 (2)'!$G97 -> 2.3239e-08 | E88: ='Plan14 (2)'!$G97 -> 1.8542e-08 | F88: ='Plan15 (2)'!$G97 -> 1.7771e-08 | G88: ='Plan16 (2)'!$G97 -> 2.6958e-08 | H88: ='Plan17 (2)'!$G97 -> 2.2496e-08 | I88: ='Plan18 (2)'!$G97 -> 1.8982e-08 | J88: ='Plan19 (2)'!$G97 -> 2.476e-08 | K88: ='Plan20 (2)'!$G97 -> 2.0709e-08 | L88: =AVERAGE(B88:K88) -> 1.954133e-08 | M88: =L88-O88 -> 1.5424979e-08 | N88: =L88+O88 -> 2.3657681e-08 | O88: =_xlfn.CONFIDENCE.T(0.05,_xlfn.STDEV.S(B88:K88),COUNTA(B88:K88)) -> 4.1163508e-09

Sheet Plan11 (2)
B1: STATISTICS | C1: FOR | D1: FILE: | E1: 10 | F1: mA | G1: NPLC | H1: 20 | I1: ini | J1: 2023 | K1: trecho | L1: 01.txt
B2: Frequency | C2: Data | D2: Points | E2: 1 | F2: thru | G2: 423 | H2: of | I2: 423
B3: Maximum | C3: = | D3: 0.01000135
B4: Minimum | C4: = | D4: 0.01000106
B5: Average | C5: = | D5: 0.0100012
B6: Sigma | C6: Type: | D6: Overlapping | E6: Allan
B7: Confidence | C7: Factor | D7: = | E7: 0.683
B8: Deadtime | C8: T/Tau | D8: = | E8: 1
B10: AF | C10: Tau | D10: # | E10: Alpha | F10: Min | G10: Sigma | H10: Sigma | I10: Max | J10: Sigma
B11: 1 | C11: 1 | D11: 422 | E11: 1 | F11: 0 | G11: 6.0903e-08 | H11: 0
B12: 2 | C12: 2 | D12: 420 | E12: 0 | F12: 0 | G12: 3.1096e-08 | H12: 0
B13: 3 | C13: 3 | D13: 418 | E13: 0 | F13: 0 | G13: 1.8173e-08 | H13: 0
B14: 4 | C14: 4 | D14: 416 | E14: 0 | F14: 0 | G14: 2.2067e-08 | H14: 0
B15: 5 | C15: 5 | D15: 414 | E15: -1 | F15: 0 | G15: 1.7495e-08 | H15: 0
B16: 6 | C16: 6 | D16: 412 | E16: 0 | F16: 0 | G16: 1.3979e-08 | H16: 0
B17: 7 | C17: 7 | D17: 410 | E17: 0 | F17: 0 | G17: 1.4248e-08 | H17: 0
B18: 8 | C18: 8 | D18: 408 | E18: -1 | F18: 0 | G18: 1.2145e-08 | H18: 0
B19: 9 | C19: 9 | D19: 406 | E19: 0 | F19: 0 | G19: 1.1102e-08 | H19: 0
B20: 10 | C20: 10 | D20: 404 | E20: -1 | F20: 0 | G20: 1.1556e-08 | H20: 0
B21: 11 | C21: 11 | D21: 402 | E21: -1 | F21: 0 | G21: 1.0871e-08 | H21: 0
B22: 12 | C22: 12 | D22: 400 | E22: -1 | F22: 0 | G22: 1.0799e-08 | H22: 0
... B97: 103 | C97: 103 | D97: 218 | E97: -1 | F97: 0 | G97: 6.4563e-09 | H97: 0

Sheet Plan12 (2)
B1: STATISTICS | C1: FOR | D1: FILE: | E1: 10 | F1: mA | G1: NPLC | H1: 20 | I1: ini | J1: 2023 | K1: trecho | L1: 02.txt
B2: Frequency | C2: Data | D2: Points | E2: 1 | F2: thru | G2: 419 | H2: of | I2: 419
B3: Maximum | C3: = | D3: 0.01000148
B4: Minimum | C4: = | D4: 0.0100011
B5: Average | C5: = | D5: 0.01000126
B6: Sigma | C6: Type: | D6: Overlapping | E6: Allan
B7: Confidence | C7: Factor | D7: = | E7: 0.683
B8: Deadtime | C8: T/Tau | D8: = | E8: 1
B10: AF | C10: Tau | D10: # | E10: Alpha | F10: Min | G10: Sigma | H10: Sigma | I10: Max | J10: Sigma
B11: 1 | C11: 1 | D11: 418 | E11: 0 | F11: 0 | G11: 6.4708e-08 | H11: 0
B12: 2 | C12: 2 | D12: 416 | E12: 0 | F12: 0 | G12: 2.7973e-08 | H12: 0
B13: 3 | C13: 3 | D13: 414 | E13: 0 | F13: 0 | G13: 1.7235e-08 | H13: 0
B14: 4 | C14: 4 | D14: 412 | E14: 1 | F14: 0 | G14: 2.1315e-08 | H14: 0
B15: 5 | C15: 5 | D15: 410 | E15: -1 | F15: 0 | G15: 1.478e-08 | H15: 0
B16: 6 | C16: 6 | D16: 408 | E16: -1 | F16: 0 | G16: 1.3939e-08 | H16: 0
B17: 7 | C17: 7 | D17: 406 | E17: -1 | F17: 0 | G17: 1.4264e-08 | H17: 0
B18: 8 | C18: 8 | D18: 404 | E18: -2 | F18: 0 | G18: 1.2475e-08 | H18: 0
B19: 9 | C19: 9 | D19: 402 | E19: -1 | F19: 0 | G19: 1.2948e-08 | H19: 0
B20: 10 | C20: 10 | D20: 400 | E20: -1 | F20: 0 | G20: 1.2452e-08 | H20: 0
B21: 11 | C21: 11 | D21: 398 | E21: -2 | F21: 0 | G21: 1.2156e-08 | H21: 0
B22: 12 | C22: 12 | D22: 396 | E22: -2 | F22: 0 | G22: 1.2518e-08 | H22: 0
... B97: 103 | C97: 103 | D97: 214 | E97: -1 | F97: 0 | G97: 1.55e-08 | H97: 0

Sheet Plan13 (2)
B1: STATISTICS | C1: FOR | D1: FILE: | E1: 10 | F1: mA | G1: NPLC | H1: 20 | I1: ini | J1: 2023 | K1: trecho | L1: 03.txt
B2: Frequency | C2: Data | D2: Points | E2: 1 | F2: thru | G2: 419 | H2: of | I2: 419
B3: Maximum | C3: = | D3: 0.01000157
B4: Minimum | C4: = | D4: 0.01000111
B5: Average | C5: = | D5: 0.01000128
B6: Sigma | C6: Type: | D6: Overlapping | E6: Allan
B7: Confidence | C7: Factor | D7: = | E7: 0.683
B8: Deadtime | C8: T/Tau | D8: = | E8: 1
B10: AF | C10: Tau | D10: # | E10: Alpha | F10: Min | G10: Sigma | H10: Sigma | I10: Max | J10: Sigma
B11: 1 | C11: 1 | D11: 418 | E11: 0 | F11: 0 | G11: 6.7923e-08 | H11: 0
B12: 2 | C12: 2 | D12: 416 | E12: -1 | F12: 0 | G12: 3.1598e-08 | H12: 0
B13: 3 | C13: 3 | D13: 414 | E13: -1 | F13: 0 | G13: 2.0841e-08 | H13: 0
B14: 4 | C14: 4 | D14: 412 | E14: 2 | F14: 0 | G14: 2.4512e-08 | H14: 0
B15: 5 | C15: 5 | D15: 410 | E15: -1 | F15: 0 | G15: 1.8464e-08 | H15: 0
B16: 6 | C16: 6 | D16: 408 | E16: -1 | F16: 0 | G16: 1.705e-08 | H16: 0
B17: 7 | C17: 7 | D17: 406 | E17: -1 | F17: 0 | G17: 1.6946e-08 | H17: 0
B18: 8 | C18: 8 | D18: 404 | E18: -2 | F18: 0 | G18: 1.5541e-08 | H18: 0
B19: 9 | C19: 9 | D19: 402 | E19: -2 | F19: 0 | G19: 1.6296e-08 | H19: 0
B20: 10 | C20: 10 | D20: 400 | E20: -2 | F20: 0 | G20: 1.6562e-08 | H20: 0
B21: 11 | C21: 11 | D21: 398 | E21: -2 | F21: 0 | G21: 1.6749e-08 | H21: 0
B22: 12 | C22: 12 | D22: 396 | E22: -2 | F22: 0 | G22: 1.758e-08 | H22: 0
... B97: 103 | C97: 103 | D97: 214 | E97: -1 | F97: 0 | G97: 2.3239e-08 | H97: 0

Sheet Plan14 (2)
B1: STATISTICS | C1: FOR | D1: FILE: | E1: 10 | F1: mA | G1: NPLC | H1: 20 | I1: ini | J1: 2023 | K1: trecho | L1: 04.txt
B2: Frequency | C2: Data | D2: Points | E2: 1 | F2: thru | G2: 420 | H2: of | I2: 420
B3: Maximum | C3: = | D3: 0.01000162
B4: Minimum | C4: = | D4: 0.01000115
B5: Average | C5: = | D5: 0.01000129
B6: Sigma | C6: Type: | D6: Overlapping | E6: Allan
B7: Confidence | C7: Factor | D7: = | E7: 0.683
B8: Deadtime | C8: T/Tau | D8: = | E8: 1
B10: AF | C10: Tau | D10: # | E10: Alpha | F10: Min | G10: Sigma | H10: Sigma | I10: Max | J10: Sigma
B11: 1 | C11: 1 | D11: 419 | E11: 0 | F11: 0 | G11: 6.4501e-08 | H11: 0
B12: 2 | C12: 2 | D12: 417 | E12: -1 | F12: 0 | G12: 2.6584e-08 | H12: 0
B13: 3 | C13: 3 | D13: 415 | E13: -1 | F13: 0 | G13: 2.0964e-08 | H13: 0
B14: 4 | C14: 4 | D14: 413 | E14: 0 | F14: 0 | G14: 2.0086e-08 | H14: 0
B15: 5 | C15: 5 | D15: 411 | E15: -1 | F15: 0 | G15: 1.6343e-08 | H15: 0
B16: 6 | C16: 6 | D16: 409 | E16: -1 | F16: 0 | G16: 1.7064e-08 | H16: 0
B17: 7 | C17: 7 | D17: 407 | E17: -1 | F17: 0 | G17: 1.4317e-08 | H17: 0
B18: 8 | C18: 8 | D18: 405 | E18: -1 | F18: 0 | G18: 1.4862e-08 | H18: 0
B19: 9 | C19: 9 | D19: 403 | E19: 0 | F19: 0 | G19: 1.4096e-08 | H19: 0
B20: 10 | C20: 10 | D20: 401 | E20: -1 | F20: 0 | G20: 1.3241e-08 | H20: 0
B21: 11 | C21: 11 | D21: 399 | E21: -2 | F21: 0 | G21: 1.3108e-08 | H21: 0
B22: 12 | C22: 12 | D22: 397 | E22: -2 | F22: 0 | G22: 1.2341e-08 | H22: 0
... B97: 103 | C97: 103 | D97: 215 | E97: -1 | F97: 0 | G97: 1.8542e-08 | H97: 0

Sheet Plan15 (2)
B1: STATISTICS | C1: FOR | D1: FILE: | E1: 10 | F1: mA | G1: NPLC | H1: 20 | I1: ini | J1: 2023 | K1: trecho | L1: 05.txt
B2: Frequency | C2: Data | D2: Points | E2: 1 | F2: thru | G2: 420 | H2: of | I2: 420
B3: Maximum | C3: = | D3: 0.01000159
B4: Minimum | C4: = | D4: 0.0100011
B5: Average | C5: = | D5: 0.01000131
B6: Sigma | C6: Type: | D6: Overlapping | E6: Allan
B7: Confidence | C7: Factor | D7: = | E7: 0.683
B8: Deadtime | C8: T/Tau | D8: = | E8: 1
B10: AF | C10: Tau | D10: # | E10: Alpha | F10: Min | G10: Sigma | H10: Sigma | I10: Max | J10: Sigma
B11: 1 | C11: 1 | D11: 419 | E11: 0 | F11: 0 | G11: 6.5133e-08 | H11: 0
B12: 2 | C12: 2 | D12: 417 | E12: 0 | F12: 0 | G12: 2.7626e-08 | H12: 0
B13: 3 | C13: 3 | D13: 415 | E13: -1 | F13: 0 | G13: 2.4233e-08 | H13: 0
B14: 4 | C14: 4 | D14: 413 | E14: -1 | F14: 0 | G14: 2.2026e-08 | H14: 0
B15: 5 | C15: 5 | D15: 411 | E15: -1 | F15: 0 | G15: 1.894e-08 | H15: 0
B16: 6 | C16: 6 | D16: 409 | E16: -1 | F16: 0 | G16: 1.874e-08 | H16: 0
B17: 7 | C17: 7 | D17: 407 | E17: -1 | F17: 0 | G17: 1.5915e-08 | H17: 0
B18: 8 | C18: 8 | D18: 405 | E18: -2 | F18: 0 | G18: 1.6902e-08 | H18: 0
B19: 9 | C19: 9 | D19: 403 | E19: -2 | F19: 0 | G19: 1.5839e-08 | H19: 0
B20: 10 | C20: 10 | D20: 401 | E20: -1 | F20: 0 | G20: 1.5736e-08 | H20: 0
B21: 11 | C21: 11 | D21: 399 | E21: -2 | F21: 0 | G21: 1.5939e-08 | H21: 0
B22: 12 | C22: 12 | D22: 397 | E22: -2 | F22: 0 | G22: 1.5827e-08 | H22: 0
... B97: 103 | C97: 103 | D97: 215 | E97: -1 | F97: 0 | G97: 1.7771e-08 | H97: 0

Sheet Plan16 (2)
B1: STATISTICS | C1: FOR | D1: FILE: | E1: -10 | F1: mA | G1: NPLC | H1: 20 | I1: ini | J1: 2023 | K1: trecho | L1: 01.txt
B2: Frequency | C2: Data | D2: Points | E2: 1 | F2: thru | G2: 419 | H2: of | I2: 419
B3: Maximum | C3: = | D3: -0.009998537
B4: Minimum | C4: = | D4: -0.009998899
B5: Average | C5: = | D5: -0.009998698
B6: Sigma | C6: Type: | D6: Overlapping | E6: Allan
B7: Confidence | C7: Factor | D7: = | E7: 0.683
B8: Deadtime | C8: T/Tau | D8: = | E8: 1
B10: AF | C10: Tau | D10: # | E10: Alpha | F10: Min | G10: Sigma | H10: Sigma | I10: Max | J10: Sigma
B11: 1 | C11: 1 | D11: 418 | E11: 0 | F11: 0 | G11: 5.8729e-08 | H11: 0
B12: 2 | C12: 2 | D12: 416 | E12: 0 | F12: 0 | G12: 2.8841e-08 | H12: 0
B13: 3 | C13: 3 | D13: 414 | E13: -1 | F13: 0 | G13: 1.7487e-08 | H13: 0
B14: 4 | C14: 4 | D14: 412 | E14: -1 | F14: 0 | G14: 2.1024e-08 | H14: 0
B15: 5 | C15: 5 | D15: 410 | E15: -2 | F15: 0 | G15: 1.749e-08 | H15: 0
B16: 6 | C16: 6 | D16: 408 | E16: -2 | F16: 0 | G16: 1.6259e-08 | H16: 0
B17: 7 | C17: 7 | D17: 406 | E17: -2 | F17: 0 | G17: 1.7487e-08 | H17: 0
B18: 8 | C18: 8 | D18: 404 | E18: -2 | F18: 0 | G18: 1.6869e-08 | H18: 0
B19: 9 | C19: 9 | D19: 402 | E19: -2 | F19: 0 | G19: 1.716e-08 | H19: 0
B20: 10 | C20: 10 | D20: 400 | E20: -2 | F20: 0 | G20: 1.7891e-08 | H20: 0
B21: 11 | C21: 11 | D21: 398 | E21: -2 | F21: 0 | G21: 1.8204e-08 | H21: 0
B22: 12 | C22: 12 | D22: 396 | E22: -2 | F22: 0 | G22: 1.8892e-08 | H22: 0
... B97: 103 | C97: 103 | D97: 214 | E97: 0 | F97: 0 | G97: 2.6958e-08 | H97: 0

Sheet Plan17 (2)
B1: STATISTICS | C1: FOR | D1: FILE: | E1: -10 | F1: mA | G1: NPLC | H1: 20 | I1: ini | J1: 2023 | K1: trecho | L1: 02.txt
B2: Frequency | C2: Data | D2: Points | E2: 1 | F2: thru | G2: 419 | H2: of | I2: 419
B3: Maximum | C3: = | D3: -0.009998474
B4: Minimum | C4: = | D4: -0.009998918
B5: Average | C5: = | D5: -0.009998664
B6: Sigma | C6: Type: | D6: Overlapping | E6: Allan
B7: Confidence | C7: Factor | D7: = | E7: 0.683
B8: Deadtime | C8: T/Tau | D8: = | E8: 1
B10: AF | C10: Tau | D10: # | E10: Alpha | F10: Min | G10: Sigma | H10: Sigma | I10: Max | J10: Sigma
B11: 1 | C11: 1 | D11: 418 | E11: 0 | F11: 0 | G11: 6.0543e-08 | H11: 0
B12: 2 | C12: 2 | D12: 416 | E12: -1 | F12: 0 | G12: 2.8039e-08 | H12: 0
B13: 3 | C13: 3 | D13: 414 | E13: 0 | F13: 0 | G13: 1.9119e-08 | H13: 0
B14: 4 | C14: 4 | D14: 412 | E14: 2 | F14: 0 | G14: 2.1468e-08 | H14: 0
B15: 5 | C15: 5 | D15: 410 | E15: 0 | F15: 0 | G15: 1.5447e-08 | H15: 0
B16: 6 | C16: 6 | D16: 408 | E16: -1 | F16: 0 | G16: 1.385e-08 | H16: 0
B17: 7 | C17: 7 | D17: 406 | E17: 1 | F17: 0 | G17: 1.3097e-08 | H17: 0
B18: 8 | C18: 8 | D18: 404 | E18: -1 | F18: 0 | G18: 1.1137e-08 | H18: 0
B19: 9 | C19: 9 | D19: 402 | E19: -1 | F19: 0 | G19: 1.1273e-08 | H19: 0
B20: 10 | C20: 10 | D20: 400 | E20: -1 | F20: 0 | G20: 1.0233e-08 | H20: 0
B21: 11 | C21: 11 | D21: 398 | E21: -2 | F21: 0 | G21: 1.0049e-08 | H21: 0
B22: 12 | C22: 12 | D22: 396 | E22: -1 | F22: 0 | G22: 1.049e-08 | H22: 0
... B97: 103 | C97: 103 | D97: 214 | E97: -1 | F97: 0 | G97: 2.2496e-08 | H97: 0

Sheet Plan18 (2)
B1: STATISTICS | C1: FOR | D1: FILE: | E1: -10 | F1: mA | G1: NPLC | H1: 20 | I1: ini | J1: 2023 | K1: trecho | L1: 03.txt
B2: Frequency | C2: Data | D2: Points | E2: 1 | F2: thru | G2: 420 | H2: of | I2: 420
B3: Maximum | C3: = | D3: -0.009998467
B4: Minimum | C4: = | D4: -0.009998911
B5: Average | C5: = | D5: -0.009998651
B6: Sigma | C6: Type: | D6: Overlapping | E6: Allan
B7: Confidence | C7: Factor | D7: = | E7: 0.683
B8: Deadtime | C8: T/Tau | D8: = | E8: 1
B10: AF | C10: Tau | D10: # | E10: Alpha | F10: Min | G10: Sigma | H10: Sigma | I10: Max | J10: Sigma
B11: 1 | C11: 1 | D11: 419 | E11: 0 | F11: 0 | G11: 6.117e-08 | H11: 0
B12: 2 | C12: 2 | D12: 417 | E12: -1 | F12: 0 | G12: 2.7196e-08 | H12: 0
B13: 3 | C13: 3 | D13: 415 | E13: -1 | F13: 0 | G13: 1.809e-08 | H13: 0
B14: 4 | C14: 4 | D14: 413 | E14: 2 | F14: 0 | G14: 2.0582e-08 | H14: 0
B15: 5 | C15: 5 | D15: 411 | E15: -1 | F15: 0 | G15: 1.5307e-08 | H15: 0
B16: 6 | C16: 6 | D16: 409 | E16: -1 | F16: 0 | G16: 1.4357e-08 | H16: 0
B17: 7 | C17: 7 | D17: 407 | E17: 0 | F17: 0 | G17: 1.3277e-08 | H17: 0
B18: 8 | C18: 8 | D18: 405 | E18: -1 | F18: 0 | G18: 1.2157e-08 | H18: 0
B19: 9 | C19: 9 | D19: 403 | E19: -1 | F19: 0 | G19: 1.1961e-08 | H19: 0
B20: 10 | C20: 10 | D20: 401 | E20: -1 | F20: 0 | G20: 1.095e-08 | H20: 0
B21: 11 | C21: 11 | D21: 399 | E21: -1 | F21: 0 | G21: 1.0937e-08 | H21: 0
B22: 12 | C22: 12 | D22: 397 | E22: -2 | F22: 0 | G22: 1.0828e-08 | H22: 0
... B97: 103 | C97: 103 | D97: 215 | E97: -1 | F97: 0 | G97: 1.8982e-08 | H97: 0

Sheet Plan19 (2)
B1: STATISTICS | C1: FOR | D1: FILE: | E1: -10 | F1: mA | G1: NPLC | H1: 20 | I1: ini | J1: 2023 | K1: trecho | L1: 04.txt
B2: Frequency | C2: Data | D2: Points | E2: 1 | F2: thru | G2: 419 | H2: of | I2: 419
B3: Maximum | C3: = | D3: -0.009998472
B4: Minimum | C4: = | D4: -0.009998861
B5: Average | C5: = | D5: -0.009998653
B6: Sigma | C6: Type: | D6: Overlapping | E6: Allan
B7: Confidence | C7: Factor | D7: = | E7: 0.683
B8: Deadtime | C8: T/Tau | D8: = | E8: 1
B10: AF | C10: Tau | D10: # | E10: Alpha | F10: Min | G10: Sigma | H10: Sigma | I10: Max | J10: Sigma
B11: 1 | C11: 1 | D11: 418 | E11: 0 | F11: 0 | G11: 6.0597e-08 | H11: 0
B12: 2 | C12: 2 | D12: 416 | E12: 0 | F12: 0 | G12: 2.7555e-08 | H12: 0
B13: 3 | C13: 3 | D13: 414 | E13: 0 | F13: 0 | G13: 2.0728e-08 | H13: 0
B14: 4 | C14: 4 | D14: 412 | E14: 1 | F14: 0 | G14: 2.1195e-08 | H14: 0
B15: 5 | C15: 5 | D15: 410 | E15: -1 | F15: 0 | G15: 1.5953e-08 | H15: 0
B16: 6 | C16: 6 | D16: 408 | E16: -1 | F16: 0 | G16: 1.5724e-08 | H16: 0
B17: 7 | C17: 7 | D17: 406 | E17: -1 | F17: 0 | G17: 1.3815e-08 | H17: 0
B18: 8 | C18: 8 | D18: 404 | E18: -1 | F18: 0 | G18: 1.3962e-08 | H18: 0
B19: 9 | C19: 9 | D19: 402 | E19: -1 | F19: 0 | G19: 1.434e-08 | H19: 0
B20: 10 | C20: 10 | D20: 400 | E20: -2 | F20: 0 | G20: 1.3587e-08 | H20: 0
B21: 11 | C21: 11 | D21: 398 | E21: -2 | F21: 0 | G21: 1.4273e-08 | H21: 0
B22: 12 | C22: 12 | D22: 396 | E22: -2 | F22: 0 | G22: 1.4355e-08 | H22: 0
... B97: 103 | C97: 103 | D97: 214 | E97: -1 | F97: 0 | G97: 2.476e-08 | H97: 0

Sheet Plan20 (2)
B1: STATISTICS | C1: FOR | D1: FILE: | E1: -10 | F1: mA | G1: NPLC | H1: 20 | I1: ini | J1: 2023 | K1: trecho | L1: 05.txt
B2: Frequency | C2: Data | D2: Points | E2: 1 | F2: thru | G2: 420 | H2: of | I2: 420
B3: Maximum | C3: = | D3: -0.009998447
B4: Minimum | C4: = | D4: -0.009998919
B5: Average | C5: = | D5: -0.009998645
B6: Sigma | C6: Type: | D6: Overlapping | E6: Allan
B7: Confidence | C7: Factor | D7: = | E7: 0.683
B8: Deadtime | C8: T/Tau | D8: = | E8: 1
B10: AF | C10: Tau | D10: # | E10: Alpha | F10: Min | G10: Sigma | H10: Sigma | I10: Max | J10: Sigma
B11: 1 | C11: 1 | D11: 419 | E11: 0 | F11: 0 | G11: 6.2845e-08 | H11: 0
B12: 2 | C12: 2 | D12: 417 | E12: 0 | F12: 0 | G12: 2.5024e-08 | H12: 0
B13: 3 | C13: 3 | D13: 415 | E13: 0 | F13: 0 | G13: 2.1692e-08 | H13: 0
B14: 4 | C14: 4 | D14: 413 | E14: 0 | F14: 0 | G14: 1.8051e-08 | H14: 0
B15: 5 | C15: 5 | D15: 411 | E15: 0 | F15: 0 | G15: 1.6457e-08 | H15: 0
B16: 6 | C16: 6 | D16: 409 | E16: 0 | F16: 0 | G16: 1.4996e-08 | H16: 0
B17: 7 | C17: 7 | D17: 407 | E17: -2 | F17: 0 | G17: 1.2681e-08 | H17: 0
B18: 8 | C18: 8 | D18: 405 | E18: -1 | F18: 0 | G18: 1.3219e-08 | H18: 0
B19: 9 | C19: 9 | D19: 403 | E19: -1 | F19: 0 | G19: 1.1623e-08 | H19: 0
B20: 10 | C20: 10 | D20: 401 | E20: -2 | F20: 0 | G20: 1.1746e-08 | H20: 0
B21: 11 | C21: 11 | D21: 399 | E21: -2 | F21: 0 | G21: 1.1271e-08 | H21: 0
B22: 12 | C22: 12 | D22: 397 | E22: -2 | F22: 0 | G22: 1.1463e-08 | H22: 0
... B97: 103 | C97: 103 | D97: 215 | E97: -1 | F97: 0 | G97: 2.0709e-08 | H97: 0

Sheet Plan11 (3)
B1: STATISTICS | C1: FOR | D1: FILE: | E1: 3 | F1: mA | G1: NPLC | H1: 20 | I1: ini | J1: 2023 | K1: trecho | L1: 01.txt
B2: Frequency | C2: Data | D2: Points | E2: 1 | F2: thru | G2: 419 | H2: of | I2: 419
B3: Maximum | C3: = | D3: 0.002999244
B4: Minimum | C4: = | D4: 0.002999139
B5: Average | C5: = | D5: 0.002999198
B6: Sigma | C6: Type: | D6: Overlapping | E6: Allan
B7: Confidence | C7: Factor | D7: = | E7: 0.683
B8: Deadtime | C8: T/Tau | D8: = | E8: 1
B10: AF | C10: Tau | D10: # | E10: Alpha | F10: Min | G10: Sigma | H10: Sigma | I10: Max | J10: Sigma
B11: 1 | C11: 1 | D11: 418 | E11: 1 | F11: 0 | G11: 2.3197e-08 | H11: 0
B12: 2 | C12: 2 | D12: 416 | E12: 1 | F12: 0 | G12: 1.3367e-08 | H12: 0
B13: 3 | C13: 3 | D13: 414 | E13: 0 | F13: 0 | G13: 6.6352e-09 | H13: 0
B14: 4 | C14: 4 | D14: 412 | E14: 0 | F14: 0 | G14: 6.4974e-09 | H14: 0
B15: 5 | C15: 5 | D15: 410 | E15: 1 | F15: 0 | G15: 6.5049e-09 | H15: 0
B16: 6 | C16: 6 | D16: 408 | E16: 0 | F16: 0 | G16: 4.8981e-09 | H16: 0
B17: 7 | C17: 7 | D17: 406 | E17: 0 | F17: 0 | G17: 3.5705e-09 | H17: 0
B18: 8 | C18: 8 | D18: 404 | E18: 0 | F18: 0 | G18: 4.0362e-09 | H18: 0
B19: 9 | C19: 9 | D19: 402 | E19: 0 | F19: 0 | G19: 3.6854e-09 | H19: 0
B20: 10 | C20: 10 | D20: 400 | E20: 0 | F20: 0 | G20: 2.8512e-09 | H20: 0
B21: 11 | C21: 11 | D21: 398 | E21: 0 | F21: 0 | G21: 3.1085e-09 | H21: 0
B22: 12 | C22: 12 | D22: 396 | E22: 0 | F22: 0 | G22: 3.1073e-09 | H22: 0
... B97: 103 | C97: 103 | D97: 214 | E97: -1 | F97: 0 | G97: 1.1674e-09 | H97: 0

Sheet Plan12 (3)
B1: STATISTICS | C1: FOR | D1: FILE: | E1: 3 | F1: mA | G1: NPLC | H1: 20 | I1: ini | J1: 2023 | K1: trecho | L1: 02.txt
B2: Frequency | C2: Data | D2: Points | E2: 1 | F2: thru | G2: 419 | H2: of | I2: 419
B3: Maximum | C3: = | D3: 0.002999244
B4: Minimum | C4: = | D4: 0.002999151
B5: Average | C5: = | D5: 0.002999206
B6: Sigma | C6: Type: | D6: Overlapping | E6: Allan
B7: Confidence | C7: Factor | D7: = | E7: 0.683
B8: Deadtime | C8: T/Tau | D8: = | E8: 1
B10: AF | C10: Tau | D10: # | E10: Alpha | F10: Min | G10: Sigma | H10: Sigma | I10: Max | J10: Sigma
B11: 1 | C11: 1 | D11: 418 | E11: 1 | F11: 0 | G11: 2.2162e-08 | H11: 0
B12: 2 | C12: 2 | D12: 416 | E12: 1 | F12: 0 | G12: 1.3191e-08 | H12: 0
B13: 3 | C13: 3 | D13: 414 | E13: 0 | F13: 0 | G13: 6.5991e-09 | H13: 0
B14: 4 | C14: 4 | D14: 412 | E14: 0 | F14: 0 | G14: 6.5893e-09 | H14: 0
B15: 5 | C15: 5 | D15: 410 | E15: 0 | F15: 0 | G15: 6.6104e-09 | H15: 0
B16: 6 | C16: 6 | D16: 408 | E16: 0 | F16: 0 | G16: 5.0258e-09 | H16: 0
B17: 7 | C17: 7 | D17: 406 | E17: 0 | F17: 0 | G17: 3.9846e-09 | H17: 0
B18: 8 | C18: 8 | D18: 404 | E18: 0 | F18: 0 | G18: 4.24e-09 | H18: 0
B19: 9 | C19: 9 | D19: 402 | E19: 0 | F19: 0 | G19: 3.8471e-09 | H19: 0
B20: 10 | C20: 10 | D20: 400 | E20: -1 | F20: 0 | G20: 3.1761e-09 | H20: 0
B21: 11 | C21: 11 | D21: 398 | E21: -1 | F21: 0 | G21: 3.3596e-09 | H21: 0
B22: 12 | C22: 12 | D22: 396 | E22: -1 | F22: 0 | G22: 3.2932e-09 | H22: 0
... B97: 103 | C97: 103 | D97: 214 | E97: 0 | F97: 0 | G97: 1.7233e-09 | H97: 0

Sheet Plan13 (3)
B1: STATISTICS | C1: FOR | D1: FILE: | E1: 3 | F1: mA | G1: NPLC | H1: 20 | I1: ini | J1: 2023 | K1: trecho | L1: 03.txt
B2: Frequency | C2: Data | D2: Points | E2: 1 | F2: thru | G2: 419 | H2: of | I2: 419
B3: Maximum | C3: = | D3: 0.002999252
B4: Minimum | C4: = | D4: 0.002999139
B5: Average | C5: = | D5: 0.00299921
B6: Sigma | C6: Type: | D6: Overlapping | E6: Allan
B7: Confidence | C7: Factor | D7: = | E7: 0.683
B8: Deadtime | C8: T/Tau | D8: = | E8: 1
B10: AF | C10: Tau | D10: # | E10: Alpha | F10: Min | G10: Sigma | H10: Sigma | I10: Max | J10: Sigma
B11: 1 | C11: 1 | D11: 418 | E11: 1 | F11: 0 | G11: 2.2592e-08 | H11: 0
B12: 2 | C12: 2 | D12: 416 | E12: 1 | F12: 0 | G12: 1.3239e-08 | H12: 0
B13: 3 | C13: 3 | D13: 414 | E13: 0 | F13: 0 | G13: 7.0271e-09 | H13: 0
B14: 4 | C14: 4 | D14: 412 | E14: 0 | F14: 0 | G14: 6.5659e-09 | H14: 0
B15: 5 | C15: 5 | D15: 410 | E15: 0 | F15: 0 | G15: 6.3381e-09 | H15: 0
B16: 6 | C16: 6 | D16: 408 | E16: 0 | F16: 0 | G16: 4.9193e-09 | H16: 0
B17: 7 | C17: 7 | D17: 406 | E17: 0 | F17: 0 | G17: 3.6541e-09 | H17: 0
B18: 8 | C18: 8 | D18: 404 | E18: 0 | F18: 0 | G18: 4.1944e-09 | H18: 0
B19: 9 | C19: 9 | D19: 402 | E19: 0 | F19: 0 | G19: 3.9404e-09 | H19: 0
B20: 10 | C20: 10 | D20: 400 | E20: 0 | F20: 0 | G20: 3.154e-09 | H20: 0
B21: 11 | C21: 11 | D21: 398 | E21: -1 | F21: 0 | G21: 3.3011e-09 | H21: 0
B22: 12 | C22: 12 | D22: 396 | E22: -1 | F22: 0 | G22: 3.2846e-09 | H22: 0
... B97: 103 | C97: 103 | D97: 214 | E97: -1 | F97: 0 | G97: 2.0851e-09 | H97: 0

Sheet Plan14 (3)
B1: STATISTICS | C1: FOR | D1: FILE: | E1: 3 | F1: mA | G1: NPLC | H1: 20 | I1: ini | J1: 2023 | K1: trecho | L1: 04.txt
B2: Frequency | C2: Data | D2: Points | E2: 1 | F2: thru | G2: 419 | H2: of | I2: 419
B3: Maximum | C3: = | D3: 0.002999248
B4: Minimum | C4: = | D4: 0.002999157
B5: Average | C5: = | D5: 0.002999211
B6: Sigma | C6: Type: | D6: Overlapping | E6: Allan
B7: Confidence | C7: Factor | D7: = | E7: 0.683
B8: Deadtime | C8: T/Tau | D8: = | E8: 1
B10: AF | C10: Tau | D10: # | E10: Alpha | F10: Min | G10: Sigma | H10: Sigma | I10: Max | J10: Sigma
B11: 1 | C11: 1 | D11: 418 | E11: 1 | F11: 0 | G11: 2.2303e-08 | H11: 0
B12: 2 | C12: 2 | D12: 416 | E12: 1 | F12: 0 | G12: 1.2744e-08 | H12: 0
B13: 3 | C13: 3 | D13: 414 | E13: 0 | F13: 0 | G13: 6.6048e-09 | H13: 0
B14: 4 | C14: 4 | D14: 412 | E14: 0 | F14: 0 | G14: 6.9001e-09 | H14: 0
B15: 5 | C15: 5 | D15: 410 | E15: 1 | F15: 0 | G15: 6.6572e-09 | H15: 0
B16: 6 | C16: 6 | D16: 408 | E16: 0 | F16: 0 | G16: 5.2064e-09 | H16: 0
B17: 7 | C17: 7 | D17: 406 | E17: 0 | F17: 0 | G17: 4.2929e-09 | H17: 0
B18: 8 | C18: 8 | D18: 404 | E18: 0 | F18: 0 | G18: 4.4077e-09 | H18: 0
B19: 9 | C19: 9 | D19: 402 | E19: 0 | F19: 0 | G19: 4.0734e-09 | H19: 0
B20: 10 | C20: 10 | D20: 400 | E20: 0 | F20: 0 | G20: 3.4362e-09 | H20: 0
B21: 11 | C21: 11 | D21: 398 | E21: 0 | F21: 0 | G21: 3.4977e-09 | H21: 0
B22: 12 | C22: 12 | D22: 396 | E22: 0 | F22: 0 | G22: 3.4985e-09 | H22: 0
... B97: 103 | C97: 103 | D97: 214 | E97: 0 | F97: 0 | G97: 1.8033e-09 | H97: 0

Sheet Plan15 (3)
B1: STATISTICS | C1: FOR | D1: FILE: | E1: 3 | F1: mA | G1: NPLC | H1: 20 | I1: ini | J1: 2023 | K1: trecho | L1: 05.txt
B2: Frequency | C2: Data | D2: Points | E2: 1 | F2: thru | G2: 419 | H2: of | I2: 419
B3: Maximum | C3: = | D3: 0.002999256
B4: Minimum | C4: = | D4: 0.002999154
B5: Average | C5: = | D5: 0.002999214
B6: Sigma | C6: Type: | D6: Overlapping | E6: Allan
B7: Confidence | C7: Factor | D7: = | E7: 0.683
B8: Deadtime | C8: T/Tau | D8: = | E8: 1
B10: AF | C10: Tau | D10: # | E10: Alpha | F10: Min | G10: Sigma | H10: Sigma | I10: Max | J10: Sigma
B11: 1 | C11: 1 | D11: 418 | E11: 1 | F11: 0 | G11: 2.2787e-08 | H11: 0
B12: 2 | C12: 2 | D12: 416 | E12: 1 | F12: 0 | G12: 1.2908e-08 | H12: 0
B13: 3 | C13: 3 | D13: 414 | E13: 0 | F13: 0 | G13: 6.6794e-09 | H13: 0
B14: 4 | C14: 4 | D14: 412 | E14: 0 | F14: 0 | G14: 6.8698e-09 | H14: 0
B15: 5 | C15: 5 | D15: 410 | E15: 1 | F15: 0 | G15: 6.8604e-09 | H15: 0
B16: 6 | C16: 6 | D16: 408 | E16: 0 | F16: 0 | G16: 5.1993e-09 | H16: 0
B17: 7 | C17: 7 | D17: 406 | E17: 0 | F17: 0 | G17: 3.9693e-09 | H17: 0
B18: 8 | C18: 8 | D18: 404 | E18: 0 | F18: 0 | G18: 4.3268e-09 | H18: 0
B19: 9 | C19: 9 | D19: 402 | E19: 0 | F19: 0 | G19: 3.8205e-09 | H19: 0
B20: 10 | C20: 10 | D20: 400 | E20: 0 | F20: 0 | G20: 3.0435e-09 | H20: 0
B21: 11 | C21: 11 | D21: 398 | E21: 0 | F21: 0 | G21: 3.3659e-09 | H21: 0
B22: 12 | C22: 12 | D22: 396 | E22: 0 | F22: 0 | G22: 3.3231e-09 | H22: 0
... B97: 103 | C97: 103 | D97: 214 | E97: 0 | F97: 0 | G97: 2.0798e-09 | H97: 0

Sheet Plan16 (3)
B1: STATISTICS | C1: FOR | D1: FILE: | E1: -3 | F1: mA | G1: NPLC | H1: 20 | I1: ini | J1: 2023 | K1: trecho | L1: 01.txt
B2: Frequency | C2: Data | D2: Points | E2: 1 | F2: thru | G2: 419 | H2: of | I2: 419
B3: Maximum | C3: = | D3: -0.003000586
B4: Minimum | C4: = | D4: -0.003000697
B5: Average | C5: = | D5: -0.003000631
B6: Sigma | C6: Type: | D6: Overlapping | E6: Allan
B7: Confidence | C7: Factor | D7: = | E7: 0.683
B8: Deadtime | C8: T/Tau | D8: = | E8: 1
B10: AF | C10: Tau | D10: # | E10: Alpha | F10: Min | G10: Sigma | H10: Sigma | I10: Max | J10: Sigma
B11: 1 | C11: 1 | D11: 418 | E11: 1 | F11: 0 | G11: 2.3272e-08 | H11: 0
B12: 2 | C12: 2 | D12: 416 | E12: 1 | F12: 0 | G12: 1.3516e-08 | H12: 0
B13: 3 | C13: 3 | D13: 414 | E13: 0 | F13: 0 | G13: 6.5092e-09 | H13: 0
B14: 4 | C14: 4 | D14: 412 | E14: 0 | F14: 0 | G14: 6.3863e-09 | H14: 0
B15: 5 | C15: 5 | D15: 410 | E15: 1 | F15: 0 | G15: 6.3997e-09 | H15: 0
B16: 6 | C16: 6 | D16: 408 | E16: 0 | F16: 0 | G16: 4.8292e-09 | H16: 0
B17: 7 | C17: 7 | D17: 406 | E17: 0 | F17: 0 | G17: 3.8368e-09 | H17: 0
B18: 8 | C18: 8 | D18: 404 | E18: 0 | F18: 0 | G18: 4.2001e-09 | H18: 0
B19: 9 | C19: 9 | D19: 402 | E19: 0 | F19: 0 | G19: 3.8226e-09 | H19: 0
B20: 10 | C20: 10 | D20: 400 | E20: 0 | F20: 0 | G20: 3.1542e-09 | H20: 0
B21: 11 | C21: 11 | D21: 398 | E21: 0 | F21: 0 | G21: 3.1796e-09 | H21: 0
B22: 12 | C22: 12 | D22: 396 | E22: 0 | F22: 0 | G22: 3.1787e-09 | H22: 0
... B97: 103 | C97: 103 | D97: 214 | E97: 0 | F97: 0 | G97: 1.5236e-09 | H97: 0

Sheet Plan17 (3)
B1: STATISTICS | C1: FOR | D1: FILE: | E1: -3 | F1: mA | G1: NPLC | H1: 20 | I1: ini | J1: 2023 | K1: trecho | L1: 02.txt
B2: Frequency | C2: Data | D2: Points | E2: 1 | F2: thru | G2: 419 | H2: of | I2: 419
B3: Maximum | C3: = | D3: -0.003000588
B4: Minimum | C4: = | D4: -0.003000696
B5: Average | C5: = | D5: -0.003000629
B6: Sigma | C6: Type: | D6: Overlapping | E6: Allan
B7: Confidence | C7: Factor | D7: = | E7: 0.683
B8: Deadtime | C8: T/Tau | D8: = | E8: 1
B10: AF | C10: Tau | D10: # | E10: Alpha | F10: Min | G10: Sigma | H10: Sigma | I10: Max | J10: Sigma
B11: 1 | C11: 1 | D11: 418 | E11: 1 | F11: 0 | G11: 2.304e-08 | H11: 0
B12: 2 | C12: 2 | D12: 416 | E12: 1 | F12: 0 | G12: 1.2725e-08 | H12: 0
B13: 3 | C13: 3 | D13: 414 | E13: 0 | F13: 0 | G13: 7.1085e-09 | H13: 0
B14: 4 | C14: 4 | D14: 412 | E14: 0 | F14: 0 | G14: 7.0939e-09 | H14: 0
B15: 5 | C15: 5 | D15: 410 | E15: 0 | F15: 0 | G15: 6.2786e-09 | H15: 0
B16: 6 | C16: 6 | D16: 408 | E16: 0 | F16: 0 | G16: 5.1641e-09 | H16: 0
B17: 7 | C17: 7 | D17: 406 | E17: 0 | F17: 0 | G17: 4.3601e-09 | H17: 0
B18: 8 | C18: 8 | D18: 404 | E18: 0 | F18: 0 | G18: 4.425e-09 | H18: 0
B19: 9 | C19: 9 | D19: 402 | E19: -1 | F19: 0 | G19: 4.0266e-09 | H19: 0
B20: 10 | C20: 10 | D20: 400 | E20: -1 | F20: 0 | G20: 3.5629e-09 | H20: 0
B21: 11 | C21: 11 | D21: 398 | E21: -1 | F21: 0 | G21: 3.7845e-09 | H21: 0
B22: 12 | C22: 12 | D22: 396 | E22: -1 | F22: 0 | G22: 3.5663e-09 | H22: 0
... B97: 103 | C97: 103 | D97: 214 | E97: -1 | F97: 0 | G97: 2.002e-09 | H97: 0

Sheet Plan18 (3)
B1: STATISTICS | C1: FOR | D1: FILE: | E1: -3 | F1: mA | G1: NPLC | H1: 20 | I1: ini | J1: 2023 | K1: trecho | L1: 03.txt
B2: Frequency | C2: Data | D2: Points | E2: 1 | F2: thru | G2: 419 | H2: of | I2: 419
B3: Maximum | C3: = | D3: -0.003000584
B4: Minimum | C4: = | D4: -0.003000688
B5: Average | C5: = | D5: -0.003000627
B6: Sigma | C6: Type: | D6: Overlapping | E6: Allan
B7: Confidence | C7: Factor | D7: = | E7: 0.683
B8: Deadtime | C8: T/Tau | D8: = | E8: 1
B10: AF | C10: Tau | D10: # | E10: Alpha | F10: Min | G10: Sigma | H10: Sigma | I10: Max | J10: Sigma
B11: 1 | C11: 1 | D11: 418 | E11: 1 | F11: 0 | G11: 2.3707e-08 | H11: 0
B12: 2 | C12: 2 | D12: 416 | E12: 0 | F12: 0 | G12: 1.2785e-08 | H12: 0
B13: 3 | C13: 3 | D13: 414 | E13: 0 | F13: 0 | G13: 6.6512e-09 | H13: 0
B14: 4 | C14: 4 | D14: 412 | E14: 0 | F14: 0 | G14: 6.379e-09 | H14: 0
B15: 5 | C15: 5 | D15: 410 | E15: 0 | F15: 0 | G15: 6.3176e-09 | H15: 0
B16: 6 | C16: 6 | D16: 408 | E16: 0 | F16: 0 | G16: 5.2408e-09 | H16: 0
B17: 7 | C17: 7 | D17: 406 | E17: -1 | F17: 0 | G17: 4.0779e-09 | H17: 0
B18: 8 | C18: 8 | D18: 404 | E18: 0 | F18: 0 | G18: 4.5295e-09 | H18: 0
B19: 9 | C19: 9 | D19: 402 | E19: -1 | F19: 0 | G19: 4.1773e-09 | H19: 0
B20: 10 | C20: 10 | D20: 400 | E20: -1 | F20: 0 | G20: 3.5363e-09 | H20: 0
B21: 11 | C21: 11 | D21: 398 | E21: -1 | F21: 0 | G21: 3.7362e-09 | H21: 0
B22: 12 | C22: 12 | D22: 396 | E22: -1 | F22: 0 | G22: 3.6516e-09 | H22: 0
... B97: 103 | C97: 103 | D97: 214 | E97: -1 | F97: 0 | G97: 2.4012e-09 | H97: 0

Sheet Plan19 (3)
B1: STATISTICS | C1: FOR | D1: FILE: | E1: -3 | F1: mA | G1: NPLC | H1: 20 | I1: ini | J1: 2023 | K1: trecho | L1: 04.txt
B2: Frequency | C2: Data | D2: Points | E2: 1 | F2: thru | G2: 419 | H2: of | I2: 419
B3: Maximum | C3: = | D3: -0.00300059
B4: Minimum | C4: = | D4: -0.003000691
B5: Average | C5: = | D5: -0.003000627
B6: Sigma | C6: Type: | D6: Overlapping | E6: Allan
B7: Confidence | C7: Factor | D7: = | E7: 0.683
B8: Deadtime | C8: T/Tau | D8: = | E8: 1
B10: AF | C10: Tau | D10: # | E10: Alpha | F10: Min | G10: Sigma | H10: Sigma | I10: Max | J10: Sigma
B11: 1 | C11: 1 | D11: 418 | E11: 1 | F11: 0 | G11: 2.3425e-08 | H11: 0
B12: 2 | C12: 2 | D12: 416 | E12: 1 | F12: 0 | G12: 1.3228e-08 | H12: 0
B13: 3 | C13: 3 | D13: 414 | E13: 0 | F13: 0 | G13: 7.305e-09 | H13: 0
B14: 4 | C14: 4 | D14: 412 | E14: 0 | F14: 0 | G14: 6.9711e-09 | H14: 0
B15: 5 | C15: 5 | D15: 410 | E15: 0 | F15: 0 | G15: 6.5661e-09 | H15: 0
B16: 6 | C16: 6 | D16: 408 | E16: 0 | F16: 0 | G16: 5.3166e-09 | H16: 0
B17: 7 | C17: 7 | D17: 406 | E17: 0 | F17: 0 | G17: 4.0165e-09 | H17: 0
B18: 8 | C18: 8 | D18: 404 | E18: 0 | F18: 0 | G18: 4.1618e-09 | H18: 0
B19: 9 | C19: 9 | D19: 402 | E19: 0 | F19: 0 | G19: 3.9627e-09 | H19: 0
B20: 10 | C20: 10 | D20: 400 | E20: 0 | F20: 0 | G20: 3.2672e-09 | H20: 0
B21: 11 | C21: 11 | D21: 398 | E21: 0 | F21: 0 | G21: 3.286e-09 | H21: 0
B22: 12 | C22: 12 | D22: 396 | E22: 0 | F22: 0 | G22: 3.2591e-09 | H22: 0
... B97: 103 | C97: 103 | D97: 214 | E97: -1 | F97: 0 | G97: 1.6526e-09 | H97: 0

Sheet Plan20 (3)
B1: STATISTICS | C1: FOR | D1: FILE: | E1: -3 | F1: mA | G1: NPLC | H1: 20 | I1: ini | J1: 2023 | K1: trecho | L1: 05.txt
B2: Frequency | C2: Data | D2: Points | E2: 1 | F2: thru | G2: 420 | H2: of | I2: 420
B3: Maximum | C3: = | D3: -0.003000592
B4: Minimum | C4: = | D4: -0.003000695
B5: Average | C5: = | D5: -0.003000628
B6: Sigma | C6: Type: | D6: Overlapping | E6: Allan
B7: Confidence | C7: Factor | D7: = | E7: 0.683
B8: Deadtime | C8: T/Tau | D8: = | E8: 1
B10: AF | C10: Tau | D10: # | E10: Alpha | F10: Min | G10: Sigma | H10: Sigma | I10: Max | J10: Sigma
B11: 1 | C11: 1 | D11: 419 | E11: 1 | F11: 0 | G11: 2.4306e-08 | H11: 0
B12: 2 | C12: 2 | D12: 417 | E12: 1 | F12: 0 | G12: 1.3874e-08 | H12: 0
B13: 3 | C13: 3 | D13: 415 | E13: 0 | F13: 0 | G13: 6.8294e-09 | H13: 0
B14: 4 | C14: 4 | D14: 413 | E14: 0 | F14: 0 | G14: 6.293e-09 | H14: 0
B15: 5 | C15: 5 | D15: 411 | E15: 1 | F15: 0 | G15: 6.5512e-09 | H15: 0
B16: 6 | C16: 6 | D16: 409 | E16: 0 | F16: 0 | G16: 5.1046e-09 | H16: 0
B17: 7 | C17: 7 | D17: 407 | E17: 0 | F17: 0 | G17: 3.7481e-09 | H17: 0
B18: 8 | C18: 8 | D18: 405 | E18: 0 | F18: 0 | G18: 4.2693e-09 | H18: 0
B19: 9 | C19: 9 | D19: 403 | E19: 0 | F19: 0 | G19: 3.8522e-09 | H19: 0
B20: 10 | C20: 10 | D20: 401 | E20: 0 | F20: 0 | G20: 3.0411e-09 | H20: 0
B21: 11 | C21: 11 | D21: 399 | E21: 0 | F21: 0 | G21: 3.1741e-09 | H21: 0
B22: 12 | C22: 12 | D22: 397 | E22: 0 | F22: 0 | G22: 3.0704e-09 | H22: 0
... B97: 103 | C97: 103 | D97: 215 | E97: -1 | F97: 0 | G97: 1.7444e-09 | H97: 0

Sheet 3 mA
A1: Tempo (s) | B1: Trecho 1 | C1: Trecho 2 | D1: Trecho 3 | E1: Trecho 4 | F1: Trecho 5 | G1: Trecho 6 | H1: Trecho 7 | I1: Trecho 8 | J1: Trecho 9 | K1: Trecho 10 | L1: MÉDIA | M1: Min. (A) | N1: Max. (A) | O1: Intervalo de confiança (t-Student, 95 %) | P1: Iq (ruído de quant., em A) --> | Q1: =0.000000001*12^(-0.5) -> 2.8867513e-10 | R1: Resol. (em A) --> | S1: 1e-09
A2: 1 | B2: ='Plan11 (3)'!$G11 -> 2.3197e-08 | C2: ='Plan12 (3)'!$G11 -> 2.2162e-08 | D2: ='Plan13 (3)'!$G11 -> 2.2592e-08 | E2: ='Plan14 (3)'!$G11 -> 2.2303e-08 | F2: ='Plan15 (3)'!$G11 -> 2.2787e-08 | G2: ='Plan16 (3)'!$G11 -> 2.3272e-08 | H2: ='Plan17 (3)'!$G11 -> 2.304e-08 | I2: ='Plan18 (3)'!$G11 -> 2.3707e-08 | J2: ='Plan19 (3)'!$G11 -> 2.3425e-08 | K2: ='Plan20 (3)'!$G11 -> 2.4306e-08 | L2: =AVERAGE(B2:K2) -> 2.30791e-08 | M2: =L2-O2 -> 2.2611963e-08 | N2: =L2+O2 -> 2.3546237e-08 | O2: =_xlfn.CONFIDENCE.T(0.05,_xlfn.STDEV.S(B2:K2),COUNTA(B2:K2)) -> 4.6713657e-10
A3: 2 | B3: ='Plan11 (3)'!$G12 -> 1.3367e-08 | C3: ='Plan12 (3)'!$G12 -> 1.3191e-08 | D3: ='Plan13 (3)'!$G12 -> 1.3239e-08 | E3: ='Plan14 (3)'!$G12 -> 1.2744e-08 | F3: ='Plan15 (3)'!$G12 -> 1.2908e-08 | G3: ='Plan16 (3)'!$G12 -> 1.3516e-08 | H3: ='Plan17 (3)'!$G12 -> 1.2725e-08 | I3: ='Plan18 (3)'!$G12 -> 1.2785e-08 | J3: ='Plan19 (3)'!$G12 -> 1.3228e-08 | K3: ='Plan20 (3)'!$G12 -> 1.3874e-08 | L3: =AVERAGE(B3:K3) -> 1.31577e-08 | M3: =L3-O3 -> 1.2890297e-08 | N3: =L3+O3 -> 1.3425103e-08 | O3: =_xlfn.CONFIDENCE.T(0.05,_xlfn.STDEV.S(B3:K3),COUNTA(B3:K3)) -> 2.6740319e-10
A4: 3 | B4: ='Plan11 (3)'!$G13 -> 6.6352e-09 | C4: ='Plan12 (3)'!$G13 -> 6.5991e-09 | D4: ='Plan13 (3)'!$G13 -> 7.0271e-09 | E4: ='Plan14 (3)'!$G13 -> 6.6048e-09 | F4: ='Plan15 (3)'!$G13 -> 6.6794e-09 | G4: ='Plan16 (3)'!$G13 -> 6.5092e-09 | H4: ='Plan17 (3)'!$G13 -> 7.1085e-09 | I4: ='Plan18 (3)'!$G13 -> 6.6512e-09 | J4: ='Plan19 (3)'!$G13 -> 7.305e-09 | K4: ='Plan20 (3)'!$G13 -> 6.8294e-09 | L4: =AVERAGE(B4:K4) -> 6.79489e-09 | M4: =L4-O4 -> 6.6057373e-09 | N4: =L4+O4 -> 6.9840427e-09 | O4: =_xlfn.CONFIDENCE.T(0.05,_xlfn.STDEV.S(B4:K4),COUNTA(B4:K4)) -> 1.8915269e-10
A5: 4 | B5: ='Plan11 (3)'!$G14 -> 6.4974e-09 | C5: ='Plan12 (3)'!$G14 -> 6.5893e-09 | D5: ='Plan13 (3)'!$G14 -> 6.5659e-09 | E5: ='Plan14 (3)'!$G14 -> 6.9001e-09 | F5: ='Plan15 (3)'!$G14 -> 6.8698e-09 | G5: ='Plan16 (3)'!$G14 -> 6.3863e-09 | H5: ='Plan17 (3)'!$G14 -> 7.0939e-09 | I5: ='Plan18 (3)'!$G14 -> 6.379e-09 | J5: ='Plan19 (3)'!$G14 -> 6.9711e-09 | K5: ='Plan20 (3)'!$G14 -> 6.293e-09 | L5: =AVERAGE(B5:K5) -> 6.65458e-09 | M5: =L5-O5 -> 6.4529113e-09 | N5: =L5+O5 -> 6.8562487e-09 | O5: =_xlfn.CONFIDENCE.T(0.05,_xlfn.STDEV.S(B5:K5),COUNTA(B5:K5)) -> 2.0166869e-10
A6: 5 | B6: ='Plan11 (3)'!$G15 -> 6.5049e-09 | C6: ='Plan12 (3)'!$G15 -> 6.6104e-09 | D6: ='Plan13 (3)'!$G15 -> 6.3381e-09 | E6: ='Plan14 (3)'!$G15 -> 6.6572e-09 | F6: ='Plan15 (3)'!$G15 -> 6.8604e-09 | G6: ='Plan16 (3)'!$G15 -> 6.3997e-09 | H6: ='Plan17 (3)'!$G15 -> 6.2786e-09 | I6: ='Plan18 (3)'!$G15 -> 6.3176e-09 | J6: ='Plan19 (3)'!$G15 -> 6.5661e-09 | K6: ='Plan20 (3)'!$G15 -> 6.5512e-09 | L6: =AVERAGE(B6:K6) -> 6.50842e-09 | M6: =L6-O6 -> 6.379644e-09 | N6: =L6+O6 -> 6.637196e-09 | O6: =_xlfn.CONFIDENCE.T(0.05,_xlfn.STDEV.S(B6:K6),COUNTA(B6:K6)) -> 1.2877601e-10
A7: 6 | B7: ='Plan11 (3)'!$G16 -> 4.8981e-09 | C7: ='Plan12 (3)'!$G16 -> 5.0258e-09 | D7: ='Plan13 (3)'!$G16 -> 4.9193e-09 | E7: ='Plan14 (3)'!$G16 -> 5.2064e-09 | F7: ='Plan15 (3)'!$G16 -> 5.1993e-09 | G7: ='Plan16 (3)'!$G16 -> 4.8292e-09 | H7: ='Plan17 (3)'!$G16 -> 5.1641e-09 | I7: ='Plan18 (3)'!$G16 -> 5.2408e-09 | J7: ='Plan19 (3)'!$G16 -> 5.3166e-09 | K7: ='Plan20 (3)'!$G16 -> 5.1046e-09 | L7: =AVERAGE(B7:K7) -> 5.09042e-09 | M7: =L7-O7 -> 4.972781e-09 | N7: =L7+O7 -> 5.208059e-09 | O7: =_xlfn.CONFIDENCE.T(0.05,_xlfn.STDEV.S(B7:K7),COUNTA(B7:K7)) -> 1.17639e-10
A8: 7 | B8: ='Plan11 (3)'!$G17 -> 3.5705e-09 | C8: ='Plan12 (3)'!$G17 -> 3.9846e-09 | D8: ='Plan13 (3)'!$G17 -> 3.6541e-09 | E8: ='Plan14 (3)'!$G17 -> 4.2929e-09 | F8: ='Plan15 (3)'!$G17 -> 3.9693e-09 | G8: ='Plan16 (3)'!$G17 -> 3.8368e-09 | H8: ='Plan17 (3)'!$G17 -> 4.3601e-09 | I8: ='Plan18 (3)'!$G17 -> 4.0779e-09 | J8: ='Plan19 (3)'!$G17 -> 4.0165e-09 | K8: ='Plan20 (3)'!$G17 -> 3.7481e-09 | L8: =AVERAGE(B8:K8) -> 3.95108e-09 | M8: =L8-O8 -> 3.7674166e-09 | N8: =L8+O8 -> 4.1347434e-09 | O8: =_xlfn.CONFIDENCE.T(0.05,_xlfn.STDEV.S(B8:K8),COUNTA(B8:K8)) -> 1.8366338e-10
A9: 8 | B9: ='Plan11 (3)'!$G18 -> 4.0362e-09 | C9: ='Plan12 (3)'!$G18 -> 4.24e-09 | D9: ='Plan13 (3)'!$G18 -> 4.1944e-09 | E9: ='Plan14 (3)'!$G18 -> 4.4077e-09 | F9: ='Plan15 (3)'!$G18 -> 4.3268e-09 | G9: ='Plan16 (3)'!$G18 -> 4.2001e-09 | H9: ='Plan17 (3)'!$G18 -> 4.425e-09 | I9: ='Plan18 (3)'!$G18 -> 4.5295e-09 | J9: ='Plan19 (3)'!$G18 -> 4.1618e-09 | K9: ='Plan20 (3)'!$G18 -> 4.2693e-09 | L9: =AVERAGE(B9:K9) -> 4.27908e-09 | M9: =L9-O9 -> 4.1749771e-09 | N9: =L9+O9 -> 4.3831829e-09 | O9: =_xlfn.CONFIDENCE.T(0.05,_xlfn.STDEV.S(B9:K9),COUNTA(B9:K9)) -> 1.0410289e-10
A10: 9 | B10: ='Plan11 (3)'!$G19 -> 3.6854e-09 | C10: ='Plan12 (3)'!$G19 -> 3.8471e-09 | D10: ='Plan13 (3)'!$G19 -> 3.9404e-09 | E10: ='Plan14 (3)'!$G19 -> 4.0734e-09 | F10: ='Plan15 (3)'!$G19 -> 3.8205e-09 | G10: ='Plan16 (3)'!$G19 -> 3.8226e-09 | H10: ='Plan17 (3)'!$G19 -> 4.0266e-09 | I10: ='Plan18 (3)'!$G19 -> 4.1773e-09 | J10: ='Plan19 (3)'!$G19 -> 3.9627e-09 | K10: ='Plan20 (3)'!$G19 -> 3.8522e-09 | L10: =AVERAGE(B10:K10) -> 3.92082e-09 | M10: =L10-O10 -> 3.8175213e-09 | N10: =L10+O10 -> 4.0241187e-09 | O10: =_xlfn.CONFIDENCE.T(0.05,_xlfn.STDEV.S(B10:K10),COUNTA(B10:K10)) -> 1.0329873e-10
A11: 10 | B11: ='Plan11 (3)'!$G20 -> 2.8512e-09 | C11: ='Plan12 (3)'!$G20 -> 3.1761e-09 | D11: ='Plan13 (3)'!$G20 -> 3.154e-09 | E11: ='Plan14 (3)'!$G20 -> 3.4362e-09 | F11: ='Plan15 (3)'!$G20 -> 3.0435e-09 | G11: ='Plan16 (3)'!$G20 -> 3.1542e-09 | H11: ='Plan17 (3)'!$G20 -> 3.5629e-09 | I11: ='Plan18 (3)'!$G20 -> 3.5363e-09 | J11: ='Plan19 (3)'!$G20 -> 3.2672e-09 | K11: ='Plan20 (3)'!$G20 -> 3.0411e-09 | L11: =AVERAGE(B11:K11) -> 3.22227e-09 | M11: =L11-O11 -> 3.0576984e-09 | N11: =L11+O11 -> 3.3868416e-09 | O11: =_xlfn.CONFIDENCE.T(0.05,_xlfn.STDEV.S(B11:K11),COUNTA(B11:K11)) -> 1.6457158e-10
A12: 11 | B12: ='Plan11 (3)'!$G21 -> 3.1085e-09 | C12: ='Plan12 (3)'!$G21 -> 3.3596e-09 | D12: ='Plan13 (3)'!$G21 -> 3.3011e-09 | E12: ='Plan14 (3)'!$G21 -> 3.4977e-09 | F12: ='Plan15 (3)'!$G21 -> 3.3659e-09 | G12: ='Plan16 (3)'!$G21 -> 3.1796e-09 | H12: ='Plan17 (3)'!$G21 -> 3.7845e-09 | I12: ='Plan18 (3)'!$G21 -> 3.7362e-09 | J12: ='Plan19 (3)'!$G21 -> 3.286e-09 | K12: ='Plan20 (3)'!$G21 -> 3.1741e-09 | L12: =AVERAGE(B12:K12) -> 3.37932e-09 | M12: =L12-O12 -> 3.214755e-09 | N12: =L12+O12 -> 3.543885e-09 | O12: =_xlfn.CONFIDENCE.T(0.05,_xlfn.STDEV.S(B12:K12),COUNTA(B12:K12)) -> 1.6456505e-10
A13: 12 | B13: ='Plan11 (3)'!$G22 -> 3.1073e-09 | C13: ='Plan12 (3)'!$G22 -> 3.2932e-09 | D13: ='Plan13 (3)'!$G22 -> 3.2846e-09 | E13: ='Plan14 (3)'!$G22 -> 3.4985e-09 | F13: ='Plan15 (3)'!$G22 -> 3.3231e-09 | G13: ='Plan16 (3)'!$G22 -> 3.1787e-09 | H13: ='Plan17 (3)'!$G22 -> 3.5663e-09 | I13: ='Plan18 (3)'!$G22 -> 3.6516e-09 | J13: ='Plan19 (3)'!$G22 -> 3.2591e-09 | K13: ='Plan20 (3)'!$G22 -> 3.0704e-09 | L13: =AVERAGE(B13:K13) -> 3.32328e-09 | M13: =L13-O13 -> 3.1851476e-09 | N13: =L13+O13 -> 3.4614124e-09 | O13: =_xlfn.CONFIDENCE.T(0.05,_xlfn.STDEV.S(B13:K13),COUNTA(B13:K13)) -> 1.3813241e-10
... A88: 103 | B88: ='Plan11 (3)'!$G97 -> 1.1674e-09 | C88: ='Plan12 (3)'!$G97 -> 1.7233e-09 | D88: ='Plan13 (3)'!$G97 -> 2.0851e-09 | E88: ='Plan14 (3)'!$G97 -> 1.8033e-09 | F88: ='Plan15 (3)'!$G97 -> 2.0798e-09 | G88: ='Plan16 (3)'!$G97 -> 1.5236e-09 | H88: ='Plan17 (3)'!$G97 -> 2.002e-09 | I88: ='Plan18 (3)'!$G97 -> 2.4012e-09 | J88: ='Plan19 (3)'!$G97 -> 1.6526e-09 | K88: ='Plan20 (3)'!$G97 -> 1.7444e-09 | L88: =AVERAGE(B88:K88) -> 1.81827e-09 | M88: =L88-O88 -> 1.5721011e-09 | N88: =L88+O88 -> 2.0644389e-09 | O88: =_xlfn.CONFIDENCE.T(0.05,_xlfn.STDEV.S(B88:K88),COUNTA(B88:K88)) -> 2.4616885e-10

Sheet 1 mA
A1: Tempo (s) | B1: Trecho 1 | C1: Trecho 2 | D1: Trecho 3 | E1: Trecho 4 | F1: Trecho 5 | G1: Trecho 6 | H1: Trecho 7 | I1: Trecho 8 | J1: Trecho 9 | K1: Trecho 10 | L1: MÉDIA | M1: Min. (A) | N1: Max. (A) | O1: Intervalo de confiança (t-Student, 95 %) | P1: Iq (ruído de quant., em A) --> | Q1: =0.0000000001*12^(-0.5) -> 2.8867513e-11 | R1: Resol. (em A) --> | S1: 1e-10
A2: 1 | B2: =Plan1!$G11 -> 1.601e-08 | C2: =Plan2!$G11 -> 1.6508e-08 | D2: =Plan3!$G11 -> 1.7142e-08 | E2: =Plan4!$G11 -> 1.6641e-08 | F2: =Plan5!$G11 -> 1.6797e-08 | G2: =Plan6!$G11 -> 2.3044e-08 | H2: =Plan7!$G11 -> 1.9733e-08 | I2: =Plan8!$G11 -> 2.3867e-08 | J2: =Plan9!$G11 -> 2.2904e-08 | K2: =Plan10!$G11 -> 2.158e-08 | L2: =AVERAGE(B2:K2) -> 1.94226e-08 | M2: =L2-O2 -> 1.7164077e-08 | N2: =L2+O2 -> 2.1681123e-08 | O2: =_xlfn.CONFIDENCE.T(0.05,_xlfn.STDEV.S(B2:K2),COUNTA(B2:K2)) -> 2.2585227e-09
A3: 2 | B3: =Plan1!$G12 -> 8.2832e-09 | C3: =Plan2!$G12 -> 8.4059e-09 | D3: =Plan3!$G12 -> 8.1706e-09 | E3: =Plan4!$G12 -> 7.5411e-09 | F3: =Plan5!$G12 -> 7.9532e-09 | G3: =Plan6!$G12 -> 1.3832e-08 | H3: =Plan7!$G12 -> 1.6559e-08 | I3: =Plan8!$G12 -> 1.1895e-08 | J3: =Plan9!$G12 -> 1.3388e-08 | K3: =Plan10!$G12 -> 1.4535e-08 | L3: =AVERAGE(B3:K3) -> 1.10563e-08 | M3: =L3-O3 -> 8.6568768e-09 | N3: =L3+O3 -> 1.3455723e-08 | O3: =_xlfn.CONFIDENCE.T(0.05,_xlfn.STDEV.S(B3:K3),COUNTA(B3:K3)) -> 2.3994232e-09
A4: 3 | B4: =Plan1!$G13 -> 5.0962e-09 | C4: =Plan2!$G13 -> 4.4392e-09 | D4: =Plan3!$G13 -> 4.3679e-09 | E4: =Plan4!$G13 -> 3.8305e-09 | F4: =Plan5!$G13 -> 4.3402e-09 | G4: =Plan6!$G13 -> 1.0842e-08 | H4: =Plan7!$G13 -> 1.4761e-08 | I4: =Plan8!$G13 -> 9.0287e-09 | J4: =Plan9!$G13 -> 1.0312e-08 | K4: =Plan10!$G13 -> 1.1123e-08 | L4: =AVERAGE(B4:K4) -> 7.81407e-09 | M4: =L4-O4 -> 5.0467753e-09 | N4: =L4+O4 -> 1.0581365e-08 | O4: =_xlfn.CONFIDENCE.T(0.05,_xlfn.STDEV.S(B4:K4),COUNTA(B4:K4)) -> 2.7672947e-09
A5: 4 | B5: =Plan1!$G14 -> 4.56e-09 | C5: =Plan2!$G14 -> 4.4884e-09 | D5: =Plan3!$G14 -> 4.2653e-09 | E5: =Plan4!$G14 -> 4.3084e-09 | F5: =Plan5!$G14 -> 4.49e-09 | G5: =Plan6!$G14 -> 8.232e-09 | H5: =Plan7!$G14 -> 1.2644e-08 | I5: =Plan8!$G14 -> 6.4826e-09 | J5: =Plan9!$G14 -> 8.1732e-09 | K5: =Plan10!$G14 -> 8.5262e-09 | L5: =AVERAGE(B5:K5) -> 6.61701e-09 | M5: =L5-O5 -> 4.6339201e-09 | N5: =L5+O5 -> 8.6000999e-09 | O5: =_xlfn.CONFIDENCE.T(0.05,_xlfn.STDEV.S(B5:K5),COUNTA(B5:K5)) -> 1.9830899e-09
A6: 5 | B6: =Plan1!$G15 -> 4.4275e-09 | C6: =Plan2!$G15 -> 4.0133e-09 | D6: =Plan3!$G15 -> 3.6637e-09 | E6: =Plan4!$G15 -> 3.4793e-09 | F6: =Plan5!$G15 -> 3.8013e-09 | G6: =Plan6!$G15 -> 6.3601e-09 | H6: =Plan7!$G15 -> 1.0879e-08 | I6: =Plan8!$G15 -> 4.839e-09 | J6: =Plan9!$G15 -> 6.0364e-09 | K6: =Plan10!$G15 -> 6.2029e-09 | L6: =AVERAGE(B6:K6) -> 5.37025e-09 | M6: =L6-O6 -> 3.7809137e-09 | N6: =L6+O6 -> 6.9595863e-09 | O6: =_xlfn.CONFIDENCE.T(0.05,_xlfn.STDEV.S(B6:K6),COUNTA(B6:K6)) -> 1.5893363e-09
A7: 6 | B7: =Plan1!$G16 -> 3.2033e-09 | C7: =Plan2!$G16 -> 3.0916e-09 | D7: =Plan3!$G16 -> 2.9202e-09 | E7: =Plan4!$G16 -> 2.9735e-09 | F7: =Plan5!$G16 -> 3.2558e-09 | G7: =Plan6!$G16 -> 5.1675e-09 | H7: =Plan7!$G16 -> 9.3539e-09 | I7: =Plan8!$G16 -> 4.4027e-09 | J7: =Plan9!$G16 -> 4.8285e-09 | K7: =Plan10!$G16 -> 4.8901e-09 | L7: =AVERAGE(B7:K7) -> 4.40871e-09 | M7: =L7-O7 -> 3.0135878e-09 | N7: =L7+O7 -> 5.8038322e-09 | O7: =_xlfn.CONFIDENCE.T(0.05,_xlfn.STDEV.S(B7:K7),COUNTA(B7:K7)) -> 1.3951222e-09
A8: 7 | B8: =Plan1!$G17 -> 2.7762e-09 | C8: =Plan2!$G17 -> 2.4752e-09 | D8: =Plan3!$G17 -> 2.2151e-09 | E8: =Plan4!$G17 -> 2.4694e-09 | F8: =Plan5!$G17 -> 2.542e-09 | G8: =Plan6!$G17 -> 4.1492e-09 | H8: =Plan7!$G17 -> 7.9595e-09 | I8: =Plan8!$G17 -> 3.9824e-09 | J8: =Plan9!$G17 -> 4.2803e-09 | K8: =Plan10!$G17 -> 4.1052e-09 | L8: =AVERAGE(B8:K8) -> 3.69545e-09 | M8: =L8-O8 -> 2.4716667e-09 | N8: =L8+O8 -> 4.9192333e-09 | O8: =_xlfn.CONFIDENCE.T(0.05,_xlfn.STDEV.S(B8:K8),COUNTA(B8:K8)) -> 1.2237833e-09
A9: 8 | B9: =Plan1!$G18 -> 2.8672e-09 | C9: =Plan2!$G18 -> 2.7081e-09 | D9: =Plan3!$G18 -> 2.5097e-09 | E9: =Plan4!$G18 -> 2.5941e-09 | F9: =Plan5!$G18 -> 2.695e-09 | G9: =Plan6!$G18 -> 3.7561e-09 | H9: =Plan7!$G18 -> 6.7729e-09 | I9: =Plan8!$G18 -> 3.5169e-09 | J9: =Plan9!$G18 -> 4.0306e-09 | K9: =Plan10!$G18 -> 3.6835e-09 | L9: =AVERAGE(B9:K9) -> 3.51341e-09 | M9: =L9-O9 -> 2.6032818e-09 | N9: =L9+O9 -> 4.4235382e-09 | O9: =_xlfn.CONFIDENCE.T(0.05,_xlfn.STDEV.S(B9:K9),COUNTA(B9:K9)) -> 9.101282e-10
A10: 9 | B10: =Plan1!$G19 -> 2.4293e-09 | C10: =Plan2!$G19 -> 2.2711e-09 | D10: =Plan3!$G19 -> 2.0466e-09 | E10: =Plan4!$G19 -> 2.3787e-09 | F10: =Plan5!$G19 -> 2.413e-09 | G10: =Plan6!$G19 -> 3.4086e-09 | H10: =Plan7!$G19 -> 5.6494e-09 | I10: =Plan8!$G19 -> 3.1802e-09 | J10: =Plan9!$G19 -> 3.5989e-09 | K10: =Plan10!$G19 -> 3.4635e-09 | L10: =AVERAGE(B10:K10) -> 3.08393e-09 | M10: =L10-O10 -> 2.3216891e-09 | N10: =L10+O10 -> 3.8461709e-09 | O10: =_xlfn.CONFIDENCE.T(0.05,_xlfn.STDEV.S(B10:K10),COUNTA(B10:K10)) -> 7.6224087e-10
A11: 10 | B11: =Plan1!$G20 -> 2.1541e-09 | C11: =Plan2!$G20 -> 2.1024e-09 | D11: =Plan3!$G20 -> 1.8209e-09 | E11: =Plan4!$G20 -> 2.0523e-09 | F11: =Plan5!$G20 -> 1.9724e-09 | G11: =Plan6!$G20 -> 3.0874e-09 | H11: =Plan7!$G20 -> 5.0225e-09 | I11: =Plan8!$G20 -> 2.8286e-09 | J11: =Plan9!$G20 -> 3.3488e-09 | K11: =Plan10!$G20 -> 3.4339e-09 | L11: =AVERAGE(B11:K11) -> 2.78233e-09 | M11: =L11-O11 -> 2.0737912e-09 | N11: =L11+O11 -> 3.4908688e-09 | O11: =_xlfn.CONFIDENCE.T(0.05,_xlfn.STDEV.S(B11:K11),COUNTA(B11:K11)) -> 7.0853877e-10
A12: 11 | B12: =Plan1!$G21 -> 2.1397e-09 | C12: =Plan2!$G21 -> 2.2099e-09 | D12: =Plan3!$G21 -> 1.9408e-09 | E12: =Plan4!$G21 -> 2.2259e-09 | F12: =Plan5!$G21 -> 2.1127e-09 | G12: =Plan6!$G21 -> 2.9118e-09 | H12: =Plan7!$G21 -> 4.4955e-09 | I12: =Plan8!$G21 -> 2.8316e-09 | J12: =Plan9!$G21 -> 3.0594e-09 | K12: =Plan10!$G21 -> 3.1983e-09 | L12: =AVERAGE(B12:K12) -> 2.71256e-09 | M12: =L12-O12 -> 2.1603947e-09 | N12: =L12+O12 -> 3.2647253e-09 | O12: =_xlfn.CONFIDENCE.T(0.05,_xlfn.STDEV.S(B12:K12),COUNTA(B12:K12)) -> 5.5216526e-10
A13: 12 | B13: =Plan1!$G22 -> 2.0592e-09 | C13: =Plan2!$G22 -> 1.9908e-09 | D13: =Plan3!$G22 -> 1.7428e-09 | E13: =Plan4!$G22 -> 1.9761e-09 | F13: =Plan5!$G22 -> 1.9671e-09 | G13: =Plan6!$G22 -> 2.8214e-09 | H13: =Plan7!$G22 -> 4.0539e-09 | I13: =Plan8!$G22 -> 2.5584e-09 | J13: =Plan9!$G22 -> 2.9164e-09 | K13: =Plan10!$G22 -> 2.9643e-09 | L13: =AVERAGE(B13:K13) -> 2.50504e-09 | M13: =L13-O13 -> 1.9994639e-09 | N13: =L13+O13 -> 3.0106161e-09 | O13: =_xlfn.CONFIDENCE.T(0.05,_xlfn.STDEV.S(B13:K13),COUNTA(B13:K13)) -> 5.0557612e-10
... A88: 103 | B88: =Plan1!$G97 -> 7.6598e-10 | C88: =Plan2!$G97 -> 5.9455e-10 | D88: =Plan3!$G97 -> 5.9786e-10 | E88: =Plan4!$G97 -> 8.3817e-10 | F88: =Plan5!$G97 -> 4.9057e-10 | G88: =Plan6!$G97 -> 1.1769e-09 | H88: =Plan7!$G97 -> 6.2534e-10 | I88: =Plan8!$G97 -> 1.0923e-09 | J88: =Plan9!$G97 -> 8.0541e-10 | K88: =Plan10!$G97 -> 1.7953e-09 | L88: =AVERAGE(B88:K88) -> 8.78238e-10 | M88: =L88-O88 -> 5.9925186e-10 | N88: =L88+O88 -> 1.1572241e-09 | O88: =_xlfn.CONFIDENCE.T(0.05,_xlfn.STDEV.S(B88:K88),COUNTA(B88:K88)) -> 2.7898614e-10

Sheet Plan1
B1: STATISTICS | C1: FOR | D1: FILE: | E1: 1 | F1: mA | G1: NPLC | H1: 20 | I1: ini | J1: 2023 | K1: trecho | L1: 01.txt
B2: Frequency | C2: Data | D2: Points | E2: 1 | F2: thru | G2: 420 | H2: of | I2: 420
B3: Maximum | C3: = | D3: 0.001000024
B4: Minimum | C4: = | D4: 0.0009999594
B5: Average | C5: = | D5: 0.0009999855
B6: Sigma | C6: Type: | D6: Overlapping | E6: Allan
B7: Confidence | C7: Factor | D7: = | E7: 0.683
B8: Deadtime | C8: T/Tau | D8: = | E8: 1
B10: AF | C10: Tau | D10: # | E10: Alpha | F10: Min | G10: Sigma | H10: Sigma | I10: Max | J10: Sigma
B11: 1 | C11: 1 | D11: 419 | E11: 1 | F11: 0 | G11: 1.601e-08 | H11: 0
B12: 2 | C12: 2 | D12: 417 | E12: 1 | F12: 0 | G12: 8.2832e-09 | H12: 0
B13: 3 | C13: 3 | D13: 415 | E13: 1 | F13: 0 | G13: 5.0962e-09 | H13: 0
B14: 4 | C14: 4 | D14: 413 | E14: 1 | F14: 0 | G14: 4.56e-09 | H14: 0
B15: 5 | C15: 5 | D15: 411 | E15: 2 | F15: 0 | G15: 4.4275e-09 | H15: 0
B16: 6 | C16: 6 | D16: 409 | E16: 0 | F16: 0 | G16: 3.2033e-09 | H16: 0
B17: 7 | C17: 7 | D17: 407 | E17: 0 | F17: 0 | G17: 2.7762e-09 | H17: 0
B18: 8 | C18: 8 | D18: 405 | E18: 1 | F18: 0 | G18: 2.8672e-09 | H18: 0
B19: 9 | C19: 9 | D19: 403 | E19: 1 | F19: 0 | G19: 2.4293e-09 | H19: 0
B20: 10 | C20: 10 | D20: 401 | E20: 1 | F20: 0 | G20: 2.1541e-09 | H20: 0
B21: 11 | C21: 11 | D21: 399 | E21: 0 | F21: 0 | G21: 2.1397e-09 | H21: 0
B22: 12 | C22: 12 | D22: 397 | E22: 1 | F22: 0 | G22: 2.0592e-09 | H22: 0
... B97: 103 | C97: 103 | D97: 215 | E97: 0 | F97: 0 | G97: 7.6598e-10 | H97: 0

Sheet Plan2
B1: STATISTICS | C1: FOR | D1: FILE: | E1: 1 | F1: mA | G1: NPLC | H1: 20 | I1: ini | J1: 2023 | K1: trecho | L1: 02.txt
B2: Frequency | C2: Data | D2: Points | E2: 1 | F2: thru | G2: 420 | H2: of | I2: 420
B3: Maximum | C3: = | D3: 0.001000024
B4: Minimum | C4: = | D4: 0.000999956
B5: Average | C5: = | D5: 0.000999984
B6: Sigma | C6: Type: | D6: Overlapping | E6: Allan
B7: Confidence | C7: Factor | D7: = | E7: 0.683
B8: Deadtime | C8: T/Tau | D8: = | E8: 1
B10: AF | C10: Tau | D10: # | E10: Alpha | F10: Min | G10: Sigma | H10: Sigma | I10: Max | J10: Sigma
B11: 1 | C11: 1 | D11: 419 | E11: 2 | F11: 0 | G11: 1.6508e-08 | H11: 0
B12: 2 | C12: 2 | D12: 417 | E12: 1 | F12: 0 | G12: 8.4059e-09 | H12: 0
B13: 3 | C13: 3 | D13: 415 | E13: 0 | F13: 0 | G13: 4.4392e-09 | H13: 0
B14: 4 | C14: 4 | D14: 413 | E14: 0 | F14: 0 | G14: 4.4884e-09 | H14: 0
B15: 5 | C15: 5 | D15: 411 | E15: 1 | F15: 0 | G15: 4.0133e-09 | H15: 0
B16: 6 | C16: 6 | D16: 409 | E16: 0 | F16: 0 | G16: 3.0916e-09 | H16: 0
B17: 7 | C17: 7 | D17: 407 | E17: 0 | F17: 0 | G17: 2.4752e-09 | H17: 0
B18: 8 | C18: 8 | D18: 405 | E18: 1 | F18: 0 | G18: 2.7081e-09 | H18: 0
B19: 9 | C19: 9 | D19: 403 | E19: 0 | F19: 0 | G19: 2.2711e-09 | H19: 0
B20: 10 | C20: 10 | D20: 401 | E20: 0 | F20: 0 | G20: 2.1024e-09 | H20: 0
B21: 11 | C21: 11 | D21: 399 | E21: 0 | F21: 0 | G21: 2.2099e-09 | H21: 0
B22: 12 | C22: 12 | D22: 397 | E22: 0 | F22: 0 | G22: 1.9908e-09 | H22: 0
... B97: 103 | C97: 103 | D97: 215 | E97: 0 | F97: 0 | G97: 5.9455e-10 | H97: 0

Sheet Plan3
B1: STATISTICS | C1: FOR | D1: FILE: | E1: 1 | F1: mA | G1: NPLC | H1: 20 | I1: ini | J1: 2023 | K1: trecho | L1: 03.txt
B2: Frequency | C2: Data | D2: Points | E2: 1 | F2: thru | G2: 420 | H2: of | I2: 420
B3: Maximum | C3: = | D3: 0.001000021
B4: Minimum | C4: = | D4: 0.0009999569
B5: Average | C5: = | D5: 0.0009999826
B6: Sigma | C6: Type: | D6: Overlapping | E6: Allan
B7: Confidence | C7: Factor | D7: = | E7: 0.683
B8: Deadtime | C8: T/Tau | D8: = | E8: 1
B10: AF | C10: Tau | D10: # | E10: Alpha | F10: Min | G10: Sigma | H10: Sigma | I10: Max | J10: Sigma
B11: 1 | C11: 1 | D11: 419 | E11: 2 | F11: 0 | G11: 1.7142e-08 | H11: 0
B12: 2 | C12: 2 | D12: 417 | E12: 1 | F12: 0 | G12: 8.1706e-09 | H12: 0
B13: 3 | C13: 3 | D13: 415 | E13: 1 | F13: 0 | G13: 4.3679e-09 | H13: 0
B14: 4 | C14: 4 | D14: 413 | E14: 1 | F14: 0 | G14: 4.2653e-09 | H14: 0
B15: 5 | C15: 5 | D15: 411 | E15: 1 | F15: 0 | G15: 3.6637e-09 | H15: 0
B16: 6 | C16: 6 | D16: 409 | E16: 0 | F16: 0 | G16: 2.9202e-09 | H16: 0
B17: 7 | C17: 7 | D17: 407 | E17: 0 | F17: 0 | G17: 2.2151e-09 | H17: 0
B18: 8 | C18: 8 | D18: 405 | E18: 0 | F18: 0 | G18: 2.5097e-09 | H18: 0
B19: 9 | C19: 9 | D19: 403 | E19: 0 | F19: 0 | G19: 2.0466e-09 | H19: 0
B20: 10 | C20: 10 | D20: 401 | E20: 0 | F20: 0 | G20: 1.8209e-09 | H20: 0
B21: 11 | C21: 11 | D21: 399 | E21: 0 | F21: 0 | G21: 1.9408e-09 | H21: 0
B22: 12 | C22: 12 | D22: 397 | E22: 0 | F22: 0 | G22: 1.7428e-09 | H22: 0
... B97: 103 | C97: 103 | D97: 215 | E97: 0 | F97: 0 | G97: 5.9786e-10 | H97: 0

Sheet Plan4
B1: STATISTICS | C1: FOR | D1: FILE: | E1: 1 | F1: mA | G1: NPLC | H1: 20 | I1: ini | J1: 2023 | K1: trecho | L1: 04.txt
B2: Frequency | C2: Data | D2: Points | E2: 1 | F2: thru | G2: 419 | H2: of | I2: 419
B3: Maximum | C3: = | D3: 0.001000018
B4: Minimum | C4: = | D4: 0.0009999585
B5: Average | C5: = | D5: 0.0009999837
B6: Sigma | C6: Type: | D6: Overlapping | E6: Allan
B7: Confidence | C7: Factor | D7: = | E7: 0.683
B8: Deadtime | C8: T/Tau | D8: = | E8: 1
B10: AF | C10: Tau | D10: # | E10: Alpha | F10: Min | G10: Sigma | H10: Sigma | I10: Max | J10: Sigma
B11: 1 | C11: 1 | D11: 418 | E11: 2 | F11: 0 | G11: 1.6641e-08 | H11: 0
B12: 2 | C12: 2 | D12: 416 | E12: 1 | F12: 0 | G12: 7.5411e-09 | H12: 0
B13: 3 | C13: 3 | D13: 414 | E13: 0 | F13: 0 | G13: 3.8305e-09 | H13: 0
B14: 4 | C14: 4 | D14: 412 | E14: 0 | F14: 0 | G14: 4.3084e-09 | H14: 0
B15: 5 | C15: 5 | D15: 410 | E15: 0 | F15: 0 | G15: 3.4793e-09 | H15: 0
B16: 6 | C16: 6 | D16: 408 | E16: 0 | F16: 0 | G16: 2.9735e-09 | H16: 0
B17: 7 | C17: 7 | D17: 406 | E17: 0 | F17: 0 | G17: 2.4694e-09 | H17: 0
B18: 8 | C18: 8 | D18: 404 | E18: 0 | F18: 0 | G18: 2.5941e-09 | H18: 0
B19: 9 | C19: 9 | D19: 402 | E19: 0 | F19: 0 | G19: 2.3787e-09 | H19: 0
B20: 10 | C20: 10 | D20: 400 | E20: 0 | F20: 0 | G20: 2.0523e-09 | H20: 0
B21: 11 | C21: 11 | D21: 398 | E21: 0 | F21: 0 | G21: 2.2259e-09 | H21: 0
B22: 12 | C22: 12 | D22: 396 | E22: 0 | F22: 0 | G22: 1.9761e-09 | H22: 0
... B97: 103 | C97: 103 | D97: 214 | E97: 0 | F97: 0 | G97: 8.3817e-10 | H97: 0

Sheet Plan5
B1: STATISTICS | C1: FOR | D1: FILE: | E1: 1 | F1: mA | G1: NPLC | H1: 20 | I1: ini | J1: 2023 | K1: trecho | L1: 05.txt
B2: Frequency | C2: Data | D2: Points | E2: 1 | F2: thru | G2: 419 | H2: of | I2: 419
B3: Maximum | C3: = | D3: 0.001000021
B4: Minimum | C4: = | D4: 0.0009999566
B5: Average | C5: = | D5: 0.0009999826
B6: Sigma | C6: Type: | D6: Overlapping | E6: Allan
B7: Confidence | C7: Factor | D7: = | E7: 0.683
B8: Deadtime | C8: T/Tau | D8: = | E8: 1
B10: AF | C10: Tau | D10: # | E10: Alpha | F10: Min | G10: Sigma | H10: Sigma | I10: Max | J10: Sigma
B11: 1 | C11: 1 | D11: 418 | E11: 2 | F11: 0 | G11: 1.6797e-08 | H11: 0
B12: 2 | C12: 2 | D12: 416 | E12: 1 | F12: 0 | G12: 7.9532e-09 | H12: 0
B13: 3 | C13: 3 | D13: 414 | E13: 0 | F13: 0 | G13: 4.3402e-09 | H13: 0
B14: 4 | C14: 4 | D14: 412 | E14: 0 | F14: 0 | G14: 4.49e-09 | H14: 0
B15: 5 | C15: 5 | D15: 410 | E15: 1 | F15: 0 | G15: 3.8013e-09 | H15: 0
B16: 6 | C16: 6 | D16: 408 | E16: 0 | F16: 0 | G16: 3.2558e-09 | H16: 0
B17: 7 | C17: 7 | D17: 406 | E17: 0 | F17: 0 | G17: 2.542e-09 | H17: 0
B18: 8 | C18: 8 | D18: 404 | E18: 1 | F18: 0 | G18: 2.695e-09 | H18: 0
B19: 9 | C19: 9 | D19: 402 | E19: 0 | F19: 0 | G19: 2.413e-09 | H19: 0
B20: 10 | C20: 10 | D20: 400 | E20: 0 | F20: 0 | G20: 1.9724e-09 | H20: 0
B21: 11 | C21: 11 | D21: 398 | E21: 0 | F21: 0 | G21: 2.1127e-09 | H21: 0
B22: 12 | C22: 12 | D22: 396 | E22: 0 | F22: 0 | G22: 1.9671e-09 | H22: 0
... B97: 103 | C97: 103 | D97: 214 | E97: 0 | F97: 0 | G97: 4.9057e-10 | H97: 0

Sheet Plan6
B1: STATISTICS | C1: FOR | D1: FILE: | E1: -1 | F1: mA | G1: NPLC | H1: 20 | I1: ini | J1: 2023 | K1: trecho | L1: 01.txt
B2: Frequency | C2: Data | D2: Points | E2: 1 | F2: thru | G2: 420 | H2: of | I2: 420
B3: Maximum | C3: = | D3: -0.0009998856
B4: Minimum | C4: = | D4: -0.000999981
B5: Average | C5: = | D5: -0.0009999386
B6: Sigma | C6: Type: | D6: Overlapping | E6: Allan
B7: Confidence | C7: Factor | D7: = | E7: 0.683
B8: Deadtime | C8: T/Tau | D8: = | E8: 1
B10: AF | C10: Tau | D10: # | E10: Alpha | F10: Min | G10: Sigma | H10: Sigma | I10: Max | J10: Sigma
B11: 1 | C11: 1 | D11: 419 | E11: 1 | F11: 0 | G11: 2.3044e-08 | H11: 0
B12: 2 | C12: 2 | D12: 417 | E12: 1 | F12: 0 | G12: 1.3832e-08 | H12: 0
B13: 3 | C13: 3 | D13: 415 | E13: 2 | F13: 0 | G13: 1.0842e-08 | H13: 0
B14: 4 | C14: 4 | D14: 413 | E14: 1 | F14: 0 | G14: 8.232e-09 | H14: 0
B15: 5 | C15: 5 | D15: 411 | E15: 1 | F15: 0 | G15: 6.3601e-09 | H15: 0
B16: 6 | C16: 6 | D16: 409 | E16: 0 | F16: 0 | G16: 5.1675e-09 | H16: 0
B17: 7 | C17: 7 | D17: 407 | E17: 0 | F17: 0 | G17: 4.1492e-09 | H17: 0
B18: 8 | C18: 8 | D18: 405 | E18: 0 | F18: 0 | G18: 3.7561e-09 | H18: 0
B19: 9 | C19: 9 | D19: 403 | E19: 0 | F19: 0 | G19: 3.4086e-09 | H19: 0
B20: 10 | C20: 10 | D20: 401 | E20: 0 | F20: 0 | G20: 3.0874e-09 | H20: 0
B21: 11 | C21: 11 | D21: 399 | E21: 0 | F21: 0 | G21: 2.9118e-09 | H21: 0
B22: 12 | C22: 12 | D22: 397 | E22: 0 | F22: 0 | G22: 2.8214e-09 | H22: 0
... B97: 103 | C97: 103 | D97: 215 | E97: -1 | F97: 0 | G97: 1.1769e-09 | H97: 0

Sheet Plan7
B1: STATISTICS | C1: FOR | D1: FILE: | E1: -1 | F1: mA | G1: NPLC | H1: 20 | I1: ini | J1: 2023 | K1: trecho | L1: 02.txt
B2: Frequency | C2: Data | D2: Points | E2: 1 | F2: thru | G2: 420 | H2: of | I2: 420
B3: Maximum | C3: = | D3: -0.000999891
B4: Minimum | C4: = | D4: -0.0009999853
B5: Average | C5: = | D5: -0.0009999402
B6: Sigma | C6: Type: | D6: Overlapping | E6: Allan
B7: Confidence | C7: Factor | D7: = | E7: 0.683
B8: Deadtime | C8: T/Tau | D8: = | E8: 1
B10: AF | C10: Tau | D10: # | E10: Alpha | F10: Min | G10: Sigma | H10: Sigma | I10: Max | J10: Sigma
B11: 1 | C11: 1 | D11: 419 | E11: 0 | F11: 0 | G11: 1.9733e-08 | H11: 0
B12: 2 | C12: 2 | D12: 417 | E12: 0 | F12: 0 | G12: 1.6559e-08 | H12: 0
B13: 3 | C13: 3 | D13: 415 | E13: 1 | F13: 0 | G13: 1.4761e-08 | H13: 0
B14: 4 | C14: 4 | D14: 413 | E14: 2 | F14: 0 | G14: 1.2644e-08 | H14: 0
B15: 5 | C15: 5 | D15: 411 | E15: 2 | F15: 0 | G15: 1.0879e-08 | H15: 0
B16: 6 | C16: 6 | D16: 409 | E16: 2 | F16: 0 | G16: 9.3539e-09 | H16: 0
B17: 7 | C17: 7 | D17: 407 | E17: 2 | F17: 0 | G17: 7.9595e-09 | H17: 0
B18: 8 | C18: 8 | D18: 405 | E18: 2 | F18: 0 | G18: 6.7729e-09 | H18: 0
B19: 9 | C19: 9 | D19: 403 | E19: 1 | F19: 0 | G19: 5.6494e-09 | H19: 0
B20: 10 | C20: 10 | D20: 401 | E20: 2 | F20: 0 | G20: 5.0225e-09 | H20: 0
B21: 11 | C21: 11 | D21: 399 | E21: 1 | F21: 0 | G21: 4.4955e-09 | H21: 0
B22: 12 | C22: 12 | D22: 397 | E22: 1 | F22: 0 | G22: 4.0539e-09 | H22: 0
... B97: 103 | C97: 103 | D97: 215 | E97: 0 | F97: 0 | G97: 6.2534e-10 | H97: 0

Sheet Plan8
B1: STATISTICS | C1: FOR | D1: FILE: | E1: -1 | F1: mA | G1: NPLC | H1: 20 | I1: ini | J1: 2023 | K1: trecho | L1: 03.txt
B2: Frequency | C2: Data | D2: Points | E2: 1 | F2: thru | G2: 419 | H2: of | I2: 419
B3: Maximum | C3: = | D3: -0.0009998934
B4: Minimum | C4: = | D4: -0.000999984
B5: Average | C5: = | D5: -0.0009999403
B6: Sigma | C6: Type: | D6: Overlapping | E6: Allan
B7: Confidence | C7: Factor | D7: = | E7: 0.683
B8: Deadtime | C8: T/Tau | D8: = | E8: 1
B10: AF | C10: Tau | D10: # | E10: Alpha | F10: Min | G10: Sigma | H10: Sigma | I10: Max | J10: Sigma
B11: 1 | C11: 1 | D11: 418 | E11: 2 | F11: 0 | G11: 2.3867e-08 | H11: 0
B12: 2 | C12: 2 | D12: 416 | E12: 1 | F12: 0 | G12: 1.1895e-08 | H12: 0
B13: 3 | C13: 3 | D13: 414 | E13: 2 | F13: 0 | G13: 9.0287e-09 | H13: 0
B14: 4 | C14: 4 | D14: 412 | E14: 1 | F14: 0 | G14: 6.4826e-09 | H14: 0
B15: 5 | C15: 5 | D15: 410 | E15: 0 | F15: 0 | G15: 4.839e-09 | H15: 0
B16: 6 | C16: 6 | D16: 408 | E16: 1 | F16: 0 | G16: 4.4027e-09 | H16: 0
B17: 7 | C17: 7 | D17: 406 | E17: 1 | F17: 0 | G17: 3.9824e-09 | H17: 0
B18: 8 | C18: 8 | D18: 404 | E18: 0 | F18: 0 | G18: 3.5169e-09 | H18: 0
B19: 9 | C19: 9 | D19: 402 | E19: 0 | F19: 0 | G19: 3.1802e-09 | H19: 0
B20: 10 | C20: 10 | D20: 400 | E20: 1 | F20: 0 | G20: 2.8286e-09 | H20: 0
B21: 11 | C21: 11 | D21: 398 | E21: 0 | F21: 0 | G21: 2.8316e-09 | H21: 0
B22: 12 | C22: 12 | D22: 396 | E22: 0 | F22: 0 | G22: 2.5584e-09 | H22: 0
... B97: 103 | C97: 103 | D97: 214 | E97: -1 | F97: 0 | G97: 1.0923e-09 | H97: 0

Sheet Plan9
B1: STATISTICS | C1: FOR | D1: FILE: | E1: -1 | F1: mA | G1: NPLC | H1: 20 | I1: ini | J1: 2023 | K1: trecho | L1: 04.txt
B2: Frequency | C2: Data | D2: Points | E2: 1 | F2: thru | G2: 419 | H2: of | I2: 419
B3: Maximum | C3: = | D3: -0.0009998997
B4: Minimum | C4: = | D4: -0.0009999833
B5: Average | C5: = | D5: -0.0009999403
B6: Sigma | C6: Type: | D6: Overlapping | E6: Allan
B7: Confidence | C7: Factor | D7: = | E7: 0.683
B8: Deadtime | C8: T/Tau | D8: = | E8: 1
B10: AF | C10: Tau | D10: # | E10: Alpha | F10: Min | G10: Sigma | H10: Sigma | I10: Max | J10: Sigma
B11: 1 | C11: 1 | D11: 418 | E11: 1 | F11: 0 | G11: 2.2904e-08 | H11: 0
B12: 2 | C12: 2 | D12: 416 | E12: 1 | F12: 0 | G12: 1.3388e-08 | H12: 0
B13: 3 | C13: 3 | D13: 414 | E13: 1 | F13: 0 | G13: 1.0312e-08 | H13: 0
B14: 4 | C14: 4 | D14: 412 | E14: 2 | F14: 0 | G14: 8.1732e-09 | H14: 0
B15: 5 | C15: 5 | D15: 410 | E15: 1 | F15: 0 | G15: 6.0364e-09 | H15: 0
B16: 6 | C16: 6 | D16: 408 | E16: 0 | F16: 0 | G16: 4.8285e-09 | H16: 0
B17: 7 | C17: 7 | D17: 406 | E17: 0 | F17: 0 | G17: 4.2803e-09 | H17: 0
B18: 8 | C18: 8 | D18: 404 | E18: 0 | F18: 0 | G18: 4.0306e-09 | H18: 0
B19: 9 | C19: 9 | D19: 402 | E19: 1 | F19: 0 | G19: 3.5989e-09 | H19: 0
B20: 10 | C20: 10 | D20: 400 | E20: 1 | F20: 0 | G20: 3.3488e-09 | H20: 0
B21: 11 | C21: 11 | D21: 398 | E21: 0 | F21: 0 | G21: 3.0594e-09 | H21: 0
B22: 12 | C22: 12 | D22: 396 | E22: 1 | F22: 0 | G22: 2.9164e-09 | H22: 0
... B97: 103 | C97: 103 | D97: 214 | E97: 0 | F97: 0 | G97: 8.0541e-10 | H97: 0

Sheet Plan10
B1: STATISTICS | C1: FOR | D1: FILE: | E1: -1 | F1: mA | G1: NPLC | H1: 20 | I1: ini | J1: 2023 | K1: trecho | L1: 05.txt
B2: Frequency | C2: Data | D2: Points | E2: 1 | F2: thru | G2: 419 | H2: of | I2: 419
B3: Maximum | C3: = | D3: -0.0009998959
B4: Minimum | C4: = | D4: -0.0009999839
B5: Average | C5: = | D5: -0.0009999415
B6: Sigma | C6: Type: | D6: Overlapping | E6: Allan
B7: Confidence | C7: Factor | D7: = | E7: 0.683
B8: Deadtime | C8: T/Tau | D8: = | E8: 1
B10: AF | C10: Tau | D10: # | E10: Alpha | F10: Min | G10: Sigma | H10: Sigma | I10: Max | J10: Sigma
B11: 1 | C11: 1 | D11: 418 | E11: 0 | F11: 0 | G11: 2.158e-08 | H11: 0
B12: 2 | C12: 2 | D12: 416 | E12: 1 | F12: 0 | G12: 1.4535e-08 | H12: 0
B13: 3 | C13: 3 | D13: 414 | E13: 2 | F13: 0 | G13: 1.1123e-08 | H13: 0
B14: 4 | C14: 4 | D14: 412 | E14: 1 | F14: 0 | G14: 8.5262e-09 | H14: 0
B15: 5 | C15: 5 | D15: 410 | E15: 1 | F15: 0 | G15: 6.2029e-09 | H15: 0
B16: 6 | C16: 6 | D16: 408 | E16: 0 | F16: 0 | G16: 4.8901e-09 | H16: 0
B17: 7 | C17: 7 | D17: 406 | E17: 0 | F17: 0 | G17: 4.1052e-09 | H17: 0
B18: 8 | C18: 8 | D18: 404 | E18: 0 | F18: 0 | G18: 3.6835e-09 | H18: 0
B19: 9 | C19: 9 | D19: 402 | E19: 0 | F19: 0 | G19: 3.4635e-09 | H19: 0
B20: 10 | C20: 10 | D20: 400 | E20: 0 | F20: 0 | G20: 3.4339e-09 | H20: 0
B21: 11 | C21: 11 | D21: 398 | E21: 0 | F21: 0 | G21: 3.1983e-09 | H21: 0
B22: 12 | C22: 12 | D22: 396 | E22: 0 | F22: 0 | G22: 2.9643e-09 | H22: 0
... B97: 103 | C97: 103 | D97: 214 | E97: -1 | F97: 0 | G97: 1.7953e-09 | H97: 0

Sheet 300 uA
A1: Tempo (s) | B1: Trecho 1 | C1: Trecho 2 | D1: Trecho 3 | E1: Trecho 4 | F1: Trecho 5 | G1: Trecho 6 | H1: Trecho 7 | I1: Trecho 8 | J1: Trecho 9 | K1: Trecho 10 | L1: MÉDIA | M1: Min. (A) | N1: Max. (A) | O1: Intervalo de confiança (t-Student, 95 %) | P1: Iq (ruído de quant., em A) --> | Q1: =0.0000000001*12^(-0.5) -> 2.8867513e-11 | R1: Resol. (em A) --> | S1: 1e-10
A2: 1 | B2: ='Plan1 (2)'!$G11 -> 1.1599e-08 | C2: ='Plan2 (2)'!$G11 -> 1.2364e-08 | D2: ='Plan3 (2)'!$G11 -> 1.1672e-08 | E2: ='Plan4 (2)'!$G11 -> 1.1605e-08 | F2: ='Plan5 (2)'!$G11 -> 1.1392e-08 | G2: ='Plan6 (2)'!$G11 -> 1.1868e-08 | H2: ='Plan7 (2)'!$G11 -> 1.2084e-08 | I2: ='Plan8 (2)'!$G11 -> 1.2905e-08 | J2: ='Plan9 (2)'!$G11 -> 1.24e-08 | K2: ='Plan10 (2)'!$G11 -> 1.3238e-08 | L2: =AVERAGE(B2:K2) -> 1.21127e-08 | M2: =L2-O2 -> 1.1677193e-08 | N2: =L2+O2 -> 1.2548207e-08 | O2: =_xlfn.CONFIDENCE.T(0.05,_xlfn.STDEV.S(B2:K2),COUNTA(B2:K2)) -> 4.3550727e-10
A3: 2 | B3: ='Plan1 (2)'!$G12 -> 6.0499e-09 | C3: ='Plan2 (2)'!$G12 -> 5.6902e-09 | D3: ='Plan3 (2)'!$G12 -> 5.8002e-09 | E3: ='Plan4 (2)'!$G12 -> 5.8658e-09 | F3: ='Plan5 (2)'!$G12 -> 6.131e-09 | G3: ='Plan6 (2)'!$G12 -> 7.3793e-09 | H3: ='Plan7 (2)'!$G12 -> 7.6374e-09 | I3: ='Plan8 (2)'!$G12 -> 6.9517e-09 | J3: ='Plan9 (2)'!$G12 -> 6.7314e-09 | K3: ='Plan10 (2)'!$G12 -> 7.6854e-09 | L3: =AVERAGE(B3:K3) -> 6.59223e-09 | M3: =L3-O3 -> 6.0314364e-09 | N3: =L3+O3 -> 7.1530236e-09 | O3: =_xlfn.CONFIDENCE.T(0.05,_xlfn.STDEV.S(B3:K3),COUNTA(B3:K3)) -> 5.607936e-10
A4: 3 | B4: ='Plan1 (2)'!$G13 -> 2.9998e-09 | C4: ='Plan2 (2)'!$G13 -> 4.2757e-09 | D4: ='Plan3 (2)'!$G13 -> 3.5601e-09 | E4: ='Plan4 (2)'!$G13 -> 3.4307e-09 | F4: ='Plan5 (2)'!$G13 -> 3.6279e-09 | G4: ='Plan6 (2)'!$G13 -> 6.0977e-09 | H4: ='Plan7 (2)'!$G13 -> 6.1384e-09 | I4: ='Plan8 (2)'!$G13 -> 4.6136e-09 | J4: ='Plan9 (2)'!$G13 -> 4.6827e-09 | K4: ='Plan10 (2)'!$G13 -> 6.1466e-09 | L4: =AVERAGE(B4:K4) -> 4.55732e-09 | M4: =L4-O4 -> 3.6959161e-09 | N4: =L4+O4 -> 5.4187239e-09 | O4: =_xlfn.CONFIDENCE.T(0.05,_xlfn.STDEV.S(B4:K4),COUNTA(B4:K4)) -> 8.6140389e-10
A5: 4 | B5: ='Plan1 (2)'!$G14 -> 3.2113e-09 | C5: ='Plan2 (2)'!$G14 -> 3.7687e-09 | D5: ='Plan3 (2)'!$G14 -> 3.2829e-09 | E5: ='Plan4 (2)'!$G14 -> 3.2857e-09 | F5: ='Plan5 (2)'!$G14 -> 3.5663e-09 | G5: ='Plan6 (2)'!$G14 -> 5.4544e-09 | H5: ='Plan7 (2)'!$G14 -> 5.4281e-09 | I5: ='Plan8 (2)'!$G14 -> 3.8066e-09 | J5: ='Plan9 (2)'!$G14 -> 3.9005e-09 | K5: ='Plan10 (2)'!$G14 -> 5.2168e-09 | L5: =AVERAGE(B5:K5) -> 4.09213e-09 | M5: =L5-O5 -> 3.4397167e-09 | N5: =L5+O5 -> 4.7445433e-09 | O5: =_xlfn.CONFIDENCE.T(0.05,_xlfn.STDEV.S(B5:K5),COUNTA(B5:K5)) -> 6.5241333e-10
A6: 5 | B6: ='Plan1 (2)'!$G15 -> 2.8066e-09 | C6: ='Plan2 (2)'!$G15 -> 3.5456e-09 | D6: ='Plan3 (2)'!$G15 -> 2.8009e-09 | E6: ='Plan4 (2)'!$G15 -> 2.8466e-09 | F6: ='Plan5 (2)'!$G15 -> 3.2829e-09 | G6: ='Plan6 (2)'!$G15 -> 4.8224e-09 | H6: ='Plan7 (2)'!$G15 -> 4.8311e-09 | I6: ='Plan8 (2)'!$G15 -> 2.6936e-09 | J6: ='Plan9 (2)'!$G15 -> 2.803e-09 | K6: ='Plan10 (2)'!$G15 -> 4.3237e-09 | L6: =AVERAGE(B6:K6) -> 3.47564e-09 | M6: =L6-O6 -> 2.8549814e-09 | N6: =L6+O6 -> 4.0962986e-09 | O6: =_xlfn.CONFIDENCE.T(0.05,_xlfn.STDEV.S(B6:K6),COUNTA(B6:K6)) -> 6.206586e-10
A7: 6 | B7: ='Plan1 (2)'!$G16 -> 2.052e-09 | C7: ='Plan2 (2)'!$G16 -> 2.9427e-09 | D7: ='Plan3 (2)'!$G16 -> 2.1968e-09 | E7: ='Plan4 (2)'!$G16 -> 2.2824e-09 | F7: ='Plan5 (2)'!$G16 -> 2.8161e-09 | G7: ='Plan6 (2)'!$G16 -> 4.0518e-09 | H7: ='Plan7 (2)'!$G16 -> 3.9632e-09 | I7: ='Plan8 (2)'!$G16 -> 2.314e-09 | J7: ='Plan9 (2)'!$G16 -> 2.3943e-09 | K7: ='Plan10 (2)'!$G16 -> 3.6546e-09 | L7: =AVERAGE(B7:K7) -> 2.86679e-09 | M7: =L7-O7 -> 2.3220716e-09 | N7: =L7+O7 -> 3.4115084e-09 | O7: =_xlfn.CONFIDENCE.T(0.05,_xlfn.STDEV.S(B7:K7),COUNTA(B7:K7)) -> 5.4471842e-10
A8: 7 | B8: ='Plan1 (2)'!$G17 -> 1.7297e-09 | C8: ='Plan2 (2)'!$G17 -> 2.3335e-09 | D8: ='Plan3 (2)'!$G17 -> 1.5637e-09 | E8: ='Plan4 (2)'!$G17 -> 1.6762e-09 | F8: ='Plan5 (2)'!$G17 -> 2.5985e-09 | G8: ='Plan6 (2)'!$G17 -> 3.2859e-09 | H8: ='Plan7 (2)'!$G17 -> 3.1117e-09 | I8: ='Plan8 (2)'!$G17 -> 1.6294e-09 | J8: ='Plan9 (2)'!$G17 -> 1.8195e-09 | K8: ='Plan10 (2)'!$G17 -> 2.8272e-09 | L8: =AVERAGE(B8:K8) -> 2.25753e-09 | M8: =L8-O8 -> 1.7855345e-09 | N8: =L8+O8 -> 2.7295255e-09 | O8: =_xlfn.CONFIDENCE.T(0.05,_xlfn.STDEV.S(B8:K8),COUNTA(B8:K8)) -> 4.7199547e-10
A9: 8 | B9: ='Plan1 (2)'!$G18 -> 1.7666e-09 | C9: ='Plan2 (2)'!$G18 -> 2.4773e-09 | D9: ='Plan3 (2)'!$G18 -> 1.8833e-09 | E9: ='Plan4 (2)'!$G18 -> 1.8593e-09 | F9: ='Plan5 (2)'!$G18 -> 2.7458e-09 | G9: ='Plan6 (2)'!$G18 -> 2.9311e-09 | H9: ='Plan7 (2)'!$G18 -> 2.8815e-09 | I9: ='Plan8 (2)'!$G18 -> 1.8861e-09 | J9: ='Plan9 (2)'!$G18 -> 1.9472e-09 | K9: ='Plan10 (2)'!$G18 -> 2.8213e-09 | L9: =AVERAGE(B9:K9) -> 2.31995e-09 | M9: =L9-O9 -> 1.9676753e-09 | N9: =L9+O9 -> 2.6722247e-09 | O9: =_xlfn.CONFIDENCE.T(0.05,_xlfn.STDEV.S(B9:K9),COUNTA(B9:K9)) -> 3.5227469e-10
A10: 9 | B10: ='Plan1 (2)'!$G19 -> 1.5514e-09 | C10: ='Plan2 (2)'!$G19 -> 2.0722e-09 | D10: ='Plan3 (2)'!$G19 -> 1.5313e-09 | E10: ='Plan4 (2)'!$G19 -> 1.5136e-09 | F10: ='Plan5 (2)'!$G19 -> 2.5812e-09 | G10: ='Plan6 (2)'!$G19 -> 2.3599e-09 | H10: ='Plan7 (2)'!$G19 -> 2.4174e-09 | I10: ='Plan8 (2)'!$G19 -> 1.8347e-09 | J10: ='Plan9 (2)'!$G19 -> 1.7282e-09 | K10: ='Plan10 (2)'!$G19 -> 2.4147e-09 | L10: =AVERAGE(B10:K10) -> 2.00046e-09 | M10: =L10-O10 -> 1.7009733e-09 | N10: =L10+O10 -> 2.2999467e-09 | O10: =_xlfn.CONFIDENCE.T(0.05,_xlfn.STDEV.S(B10:K10),COUNTA(B10:K10)) -> 2.9948669e-10
A11: 10 | B11: ='Plan1 (2)'!$G20 -> 1.3168e-09 | C11: ='Plan2 (2)'!$G20 -> 2.0024e-09 | D11: ='Plan3 (2)'!$G20 -> 1.2872e-09 | E11: ='Plan4 (2)'!$G20 -> 1.2263e-09 | F11: ='Plan5 (2)'!$G20 -> 2.4878e-09 | G11: ='Plan6 (2)'!$G20 -> 1.9865e-09 | H11: ='Plan7 (2)'!$G20 -> 2.1821e-09 | I11: ='Plan8 (2)'!$G20 -> 1.424e-09 | J11: ='Plan9 (2)'!$G20 -> 1.4985e-09 | K11: ='Plan10 (2)'!$G20 -> 2.1599e-09 | L11: =AVERAGE(B11:K11) -> 1.75715e-09 | M11: =L11-O11 -> 1.4316089e-09 | N11: =L11+O11 -> 2.0826911e-09 | O11: =_xlfn.CONFIDENCE.T(0.05,_xlfn.STDEV.S(B11:K11),COUNTA(B11:K11)) -> 3.2554111e-10
A12: 11 | B12: ='Plan1 (2)'!$G21 -> 1.2781e-09 | C12: ='Plan2 (2)'!$G21 -> 1.9548e-09 | D12: ='Plan3 (2)'!$G21 -> 1.36e-09 | E12: ='Plan4 (2)'!$G21 -> 1.3535e-09 | F12: ='Plan5 (2)'!$G21 -> 2.5473e-09 | G12: ='Plan6 (2)'!$G21 -> 1.775e-09 | H12: ='Plan7 (2)'!$G21 -> 1.9734e-09 | I12: ='Plan8 (2)'!$G21 -> 1.465e-09 | J12: ='Plan9 (2)'!$G21 -> 1.4755e-09 | K12: ='Plan10 (2)'!$G21 -> 2.1245e-09 | L12: =AVERAGE(B12:K12) -> 1.73071e-09 | M12: =L12-O12 -> 1.4335264e-09 | N12: =L12+O12 -> 2.0278936e-09 | O12: =_xlfn.CONFIDENCE.T(0.05,_xlfn.STDEV.S(B12:K12),COUNTA(B12:K12)) -> 2.9718363e-10
A13: 12 | B13: ='Plan1 (2)'!$G22 -> 1.288e-09 | C13: ='Plan2 (2)'!$G22 -> 1.9543e-09 | D13: ='Plan3 (2)'!$G22 -> 1.1969e-09 | E13: ='Plan4 (2)'!$G22 -> 1.2339e-09 | F13: ='Plan5 (2)'!$G22 -> 2.4916e-09 | G13: ='Plan6 (2)'!$G22 -> 1.6428e-09 | H13: ='Plan7 (2)'!$G22 -> 1.8794e-09 | I13: ='Plan8 (2)'!$G22 -> 1.3492e-09 | J13: ='Plan9 (2)'!$G22 -> 1.3701e-09 | K13: ='Plan10 (2)'!$G22 -> 2.0295e-09 | L13: =AVERAGE(B13:K13) -> 1.64357e-09 | M13: =L13-O13 -> 1.3349166e-09 | N13: =L13+O13 -> 1.9522234e-09 | O13: =_xlfn.CONFIDENCE.T(0.05,_xlfn.STDEV.S(B13:K13),COUNTA(B13:K13)) -> 3.0865341e-10
... A88: 103 | B88: ='Plan1 (2)'!$G97 -> 4.4924e-10 | C88: ='Plan2 (2)'!$G97 -> 9.8181e-10 | D88: ='Plan3 (2)'!$G97 -> 4.4859e-10 | E88: ='Plan4 (2)'!$G97 -> 6.4224e-10 | F88: ='Plan5 (2)'!$G97 -> 1.6717e-09 | G88: ='Plan6 (2)'!$G97 -> 4.9901e-10 | H88: ='Plan7 (2)'!$G97 -> 3.0132e-10 | I88: ='Plan8 (2)'!$G97 -> 4.2472e-10 | J88: ='Plan9 (2)'!$G97 -> 4.088e-10 | K88: ='Plan10 (2)'!$G97 -> 3.2788e-10 | L88: =AVERAGE(B88:K88) -> 6.15531e-10 | M88: =L88-O88 -> 3.1579314e-10 | N88: =L88+O88 -> 9.1526886e-10 | O88: =_xlfn.CONFIDENCE.T(0.05,_xlfn.STDEV.S(B88:K88),COUNTA(B88:K88)) -> 2.9973786e-10

Sheet Plan1 (2)
B1: STATISTICS | C1: FOR | D1: FILE: | E1: 300 | F1: uA | G1: NPLC | H1: 20 | I1: ini | J1: 2023 | K1: trecho | L1: 01.txt
B2: Frequency | C2: Data | D2: Points | E2: 1 | F2: thru | G2: 420 | H2: of | I2: 420
B3: Maximum | C3: = | D3: 0.0002999759
B4: Minimum | C4: = | D4: 0.0002999259
B5: Average | C5: = | D5: 0.0002999467
B6: Sigma | C6: Type: | D6: Overlapping | E6: Allan
B7: Confidence | C7: Factor | D7: = | E7: 0.683
B8: Deadtime | C8: T/Tau | D8: = | E8: 1
B10: AF | C10: Tau | D10: # | E10: Alpha | F10: Min | G10: Sigma | H10: Sigma | I10: Max | J10: Sigma
B11: 1 | C11: 1 | D11: 419 | E11: 2 | F11: 0 | G11: 1.1599e-08 | H11: 0
B12: 2 | C12: 2 | D12: 417 | E12: 1 | F12: 0 | G12: 6.0499e-09 | H12: 0
B13: 3 | C13: 3 | D13: 415 | E13: 0 | F13: 0 | G13: 2.9998e-09 | H13: 0
B14: 4 | C14: 4 | D14: 413 | E14: 2 | F14: 0 | G14: 3.2113e-09 | H14: 0
B15: 5 | C15: 5 | D15: 411 | E15: 1 | F15: 0 | G15: 2.8066e-09 | H15: 0
B16: 6 | C16: 6 | D16: 409 | E16: 0 | F16: 0 | G16: 2.052e-09 | H16: 0
B17: 7 | C17: 7 | D17: 407 | E17: 1 | F17: 0 | G17: 1.7297e-09 | H17: 0
B18: 8 | C18: 8 | D18: 405 | E18: 0 | F18: 0 | G18: 1.7666e-09 | H18: 0
B19: 9 | C19: 9 | D19: 403 | E19: 0 | F19: 0 | G19: 1.5514e-09 | H19: 0
B20: 10 | C20: 10 | D20: 401 | E20: 0 | F20: 0 | G20: 1.3168e-09 | H20: 0
B21: 11 | C21: 11 | D21: 399 | E21: 0 | F21: 0 | G21: 1.2781e-09 | H21: 0
B22: 12 | C22: 12 | D22: 397 | E22: 1 | F22: 0 | G22: 1.288e-09 | H22: 0
... B97: 103 | C97: 103 | D97: 215 | E97: 0 | F97: 0 | G97: 4.4924e-10 | H97: 0

Sheet Plan2 (2)
B1: STATISTICS | C1: FOR | D1: FILE: | E1: 300 | F1: uA | G1: NPLC | H1: 20 | I1: ini | J1: 2023 | K1: trecho | L1: 02.txt
B2: Frequency | C2: Data | D2: Points | E2: 1 | F2: thru | G2: 420 | H2: of | I2: 420
B3: Maximum | C3: = | D3: 0.0002999732
B4: Minimum | C4: = | D4: 0.0002999182
B5: Average | C5: = | D5: 0.0002999433
B6: Sigma | C6: Type: | D6: Overlapping | E6: Allan
B7: Confidence | C7: Factor | D7: = | E7: 0.683
B8: Deadtime | C8: T/Tau | D8: = | E8: 1
B10: AF | C10: Tau | D10: # | E10: Alpha | F10: Min | G10: Sigma | H10: Sigma | I10: Max | J10: Sigma
B11: 1 | C11: 1 | D11: 419 | E11: 2 | F11: 0 | G11: 1.2364e-08 | H11: 0
B12: 2 | C12: 2 | D12: 417 | E12: 0 | F12: 0 | G12: 5.6902e-09 | H12: 0
B13: 3 | C13: 3 | D13: 415 | E13: 0 | F13: 0 | G13: 4.2757e-09 | H13: 0
B14: 4 | C14: 4 | D14: 413 | E14: 0 | F14: 0 | G14: 3.7687e-09 | H14: 0
B15: 5 | C15: 5 | D15: 411 | E15: 0 | F15: 0 | G15: 3.5456e-09 | H15: 0
B16: 6 | C16: 6 | D16: 409 | E16: 0 | F16: 0 | G16: 2.9427e-09 | H16: 0
B17: 7 | C17: 7 | D17: 407 | E17: 0 | F17: 0 | G17: 2.3335e-09 | H17: 0
B18: 8 | C18: 8 | D18: 405 | E18: 0 | F18: 0 | G18: 2.4773e-09 | H18: 0
B19: 9 | C19: 9 | D19: 403 | E19: 0 | F19: 0 | G19: 2.0722e-09 | H19: 0
B20: 10 | C20: 10 | D20: 401 | E20: 0 | F20: 0 | G20: 2.0024e-09 | H20: 0
B21: 11 | C21: 11 | D21: 399 | E21: 0 | F21: 0 | G21: 1.9548e-09 | H21: 0
B22: 12 | C22: 12 | D22: 397 | E22: 0 | F22: 0 | G22: 1.9543e-09 | H22: 0
... B97: 103 | C97: 103 | D97: 215 | E97: 0 | F97: 0 | G97: 9.8181e-10 | H97: 0

Sheet Plan3 (2)
B1: STATISTICS | C1: FOR | D1: FILE: | E1: 300 | F1: uA | G1: NPLC | H1: 20 | I1: ini | J1: 2023 | K1: trecho | L1: 03.txt
B2: Frequency | C2: Data | D2: Points | E2: 1 | F2: thru | G2: 420 | H2: of | I2: 420
B3: Maximum | C3: = | D3: 0.0002999731
B4: Minimum | C4: = | D4: 0.0002999229
B5: Average | C5: = | D5: 0.0002999448
B6: Sigma | C6: Type: | D6: Overlapping | E6: Allan
B7: Confidence | C7: Factor | D7: = | E7: 0.683
B8: Deadtime | C8: T/Tau | D8: = | E8: 1
B10: AF | C10: Tau | D10: # | E10: Alpha | F10: Min | G10: Sigma | H10: Sigma | I10: Max | J10: Sigma
B11: 1 | C11: 1 | D11: 419 | E11: 2 | F11: 0 | G11: 1.1672e-08 | H11: 0
B12: 2 | C12: 2 | D12: 417 | E12: 1 | F12: 0 | G12: 5.8002e-09 | H12: 0
B13: 3 | C13: 3 | D13: 415 | E13: 1 | F13: 0 | G13: 3.5601e-09 | H13: 0
B14: 4 | C14: 4 | D14: 413 | E14: 1 | F14: 0 | G14: 3.2829e-09 | H14: 0
B15: 5 | C15: 5 | D15: 411 | E15: 2 | F15: 0 | G15: 2.8009e-09 | H15: 0
B16: 6 | C16: 6 | D16: 409 | E16: 1 | F16: 0 | G16: 2.1968e-09 | H16: 0
B17: 7 | C17: 7 | D17: 407 | E17: 0 | F17: 0 | G17: 1.5637e-09 | H17: 0
B18: 8 | C18: 8 | D18: 405 | E18: 2 | F18: 0 | G18: 1.8833e-09 | H18: 0
B19: 9 | C19: 9 | D19: 403 | E19: 0 | F19: 0 | G19: 1.5313e-09 | H19: 0
B20: 10 | C20: 10 | D20: 401 | E20: 0 | F20: 0 | G20: 1.2872e-09 | H20: 0
B21: 11 | C21: 11 | D21: 399 | E21: 0 | F21: 0 | G21: 1.36e-09 | H21: 0
B22: 12 | C22: 12 | D22: 397 | E22: 0 | F22: 0 | G22: 1.1969e-09 | H22: 0
... B97: 103 | C97: 103 | D97: 215 | E97: 0 | F97: 0 | G97: 4.4859e-10 | H97: 0

Sheet Plan4 (2)
B1: STATISTICS | C1: FOR | D1: FILE: | E1: 300 | F1: uA | G1: NPLC | H1: 20 | I1: ini | J1: 2023 | K1: trecho | L1: 04.txt
B2: Frequency | C2: Data | D2: Points | E2: 1 | F2: thru | G2: 418 | H2: of | I2: 418
B3: Maximum | C3: = | D3: 0.000299973
B4: Minimum | C4: = | D4: 0.0002999247
B5: Average | C5: = | D5: 0.0002999454
B6: Sigma | C6: Type: | D6: Overlapping | E6: Allan
B7: Confidence | C7: Factor | D7: = | E7: 0.683
B8: Deadtime | C8: T/Tau | D8: = | E8: 1
B10: AF | C10: Tau | D10: # | E10: Alpha | F10: Min | G10: Sigma | H10: Sigma | I10: Max | J10: Sigma
B11: 1 | C11: 1 | D11: 417 | E11: 2 | F11: 0 | G11: 1.1605e-08 | H11: 0
B12: 2 | C12: 2 | D12: 415 | E12: 1 | F12: 0 | G12: 5.8658e-09 | H12: 0
B13: 3 | C13: 3 | D13: 413 | E13: 0 | F13: 0 | G13: 3.4307e-09 | H13: 0
B14: 4 | C14: 4 | D14: 411 | E14: 1 | F14: 0 | G14: 3.2857e-09 | H14: 0
B15: 5 | C15: 5 | D15: 409 | E15: 1 | F15: 0 | G15: 2.8466e-09 | H15: 0
B16: 6 | C16: 6 | D16: 407 | E16: 1 | F16: 0 | G16: 2.2824e-09 | H16: 0
B17: 7 | C17: 7 | D17: 405 | E17: 0 | F17: 0 | G17: 1.6762e-09 | H17: 0
B18: 8 | C18: 8 | D18: 403 | E18: 0 | F18: 0 | G18: 1.8593e-09 | H18: 0
B19: 9 | C19: 9 | D19: 401 | E19: 0 | F19: 0 | G19: 1.5136e-09 | H19: 0
B20: 10 | C20: 10 | D20: 399 | E20: 0 | F20: 0 | G20: 1.2263e-09 | H20: 0
B21: 11 | C21: 11 | D21: 397 | E21: 0 | F21: 0 | G21: 1.3535e-09 | H21: 0
B22: 12 | C22: 12 | D22: 395 | E22: 0 | F22: 0 | G22: 1.2339e-09 | H22: 0
... B97: 103 | C97: 103 | D97: 213 | E97: -1 | F97: 0 | G97: 6.4224e-10 | H97: 0

Sheet Plan5 (2)
B1: STATISTICS | C1: FOR | D1: FILE: | E1: 300 | F1: uA | G1: NPLC | H1: 20 | I1: ini | J1: 2023 | K1: trecho | L1: 05.txt
B2: Frequency | C2: Data | D2: Points | E2: 1 | F2: thru | G2: 419 | H2: of | I2: 419
B3: Maximum | C3: = | D3: 0.0002999754
B4: Minimum | C4: = | D4: 0.0002999113
B5: Average | C5: = | D5: 0.0002999451
B6: Sigma | C6: Type: | D6: Overlapping | E6: Allan
B7: Confidence | C7: Factor | D7: = | E7: 0.683
B8: Deadtime | C8: T/Tau | D8: = | E8: 1
B10: AF | C10: Tau | D10: # | E10: Alpha | F10: Min | G10: Sigma | H10: Sigma | I10: Max | J10: Sigma
B11: 1 | C11: 1 | D11: 418 | E11: 1 | F11: 0 | G11: 1.1392e-08 | H11: 0
B12: 2 | C12: 2 | D12: 416 | E12: 0 | F12: 0 | G12: 6.131e-09 | H12: 0
B13: 3 | C13: 3 | D13: 414 | E13: 0 | F13: 0 | G13: 3.6279e-09 | H13: 0
B14: 4 | C14: 4 | D14: 412 | E14: 0 | F14: 0 | G14: 3.5663e-09 | H14: 0
B15: 5 | C15: 5 | D15: 410 | E15: 0 | F15: 0 | G15: 3.2829e-09 | H15: 0
B16: 6 | C16: 6 | D16: 408 | E16: -1 | F16: 0 | G16: 2.8161e-09 | H16: 0
B17: 7 | C17: 7 | D17: 406 | E17: -1 | F17: 0 | G17: 2.5985e-09 | H17: 0
B18: 8 | C18: 8 | D18: 404 | E18: -2 | F18: 0 | G18: 2.7458e-09 | H18: 0
B19: 9 | C19: 9 | D19: 402 | E19: -1 | F19: 0 | G19: 2.5812e-09 | H19: 0
B20: 10 | C20: 10 | D20: 400 | E20: -1 | F20: 0 | G20: 2.4878e-09 | H20: 0
B21: 11 | C21: 11 | D21: 398 | E21: 0 | F21: 0 | G21: 2.5473e-09 | H21: 0
B22: 12 | C22: 12 | D22: 396 | E22: -2 | F22: 0 | G22: 2.4916e-09 | H22: 0
... B97: 103 | C97: 103 | D97: 214 | E97: 0 | F97: 0 | G97: 1.6717e-09 | H97: 0

Sheet Plan6 (2)
B1: STATISTICS | C1: FOR | D1: FILE: | E1: -300 | F1: uA | G1: NPLC | H1: 20 | I1: ini | J1: 2023 | K1: trecho | L1: 01.txt
B2: Frequency | C2: Data | D2: Points | E2: 1 | F2: thru | G2: 420 | H2: of | I2: 420
B3: Maximum | C3: = | D3: -0.0003000072
B4: Minimum | C4: = | D4: -0.0003000645
B5: Average | C5: = | D5: -0.0003000353
B6: Sigma | C6: Type: | D6: Overlapping | E6: Allan
B7: Confidence | C7: Factor | D7: = | E7: 0.683
B8: Deadtime | C8: T/Tau | D8: = | E8: 1
B10: AF | C10: Tau | D10: # | E10: Alpha | F10: Min | G10: Sigma | H10: Sigma | I10: Max | J10: Sigma
B11: 1 | C11: 1 | D11: 419 | E11: 0 | F11: 0 | G11: 1.1868e-08 | H11: 0
B12: 2 | C12: 2 | D12: 417 | E12: 0 | F12: 0 | G12: 7.3793e-09 | H12: 0
B13: 3 | C13: 3 | D13: 415 | E13: 1 | F13: 0 | G13: 6.0977e-09 | H13: 0
B14: 4 | C14: 4 | D14: 413 | E14: 1 | F14: 0 | G14: 5.4544e-09 | H14: 0
B15: 5 | C15: 5 | D15: 411 | E15: 2 | F15: 0 | G15: 4.8224e-09 | H15: 0
B16: 6 | C16: 6 | D16: 409 | E16: 2 | F16: 0 | G16: 4.0518e-09 | H16: 0
B17: 7 | C17: 7 | D17: 407 | E17: 2 | F17: 0 | G17: 3.2859e-09 | H17: 0
B18: 8 | C18: 8 | D18: 405 | E18: 1 | F18: 0 | G18: 2.9311e-09 | H18: 0
B19: 9 | C19: 9 | D19: 403 | E19: 0 | F19: 0 | G19: 2.3599e-09 | H19: 0
B20: 10 | C20: 10 | D20: 401 | E20: 0 | F20: 0 | G20: 1.9865e-09 | H20: 0
B21: 11 | C21: 11 | D21: 399 | E21: 0 | F21: 0 | G21: 1.775e-09 | H21: 0
B22: 12 | C22: 12 | D22: 397 | E22: 0 | F22: 0 | G22: 1.6428e-09 | H22: 0
... B97: 103 | C97: 103 | D97: 215 | E97: -1 | F97: 0 | G97: 4.9901e-10 | H97: 0

Sheet Plan7 (2)
B1: STATISTICS | C1: FOR | D1: FILE: | E1: -300 | F1: uA | G1: NPLC | H1: 20 | I1: ini | J1: 2023 | K1: trecho | L1: 02.txt
B2: Frequency | C2: Data | D2: Points | E2: 1 | F2: thru | G2: 420 | H2: of | I2: 420
B3: Maximum | C3: = | D3: -0.0003000068
B4: Minimum | C4: = | D4: -0.0003000685
B5: Average | C5: = | D5: -0.0003000366
B6: Sigma | C6: Type: | D6: Overlapping | E6: Allan
B7: Confidence | C7: Factor | D7: = | E7: 0.683
B8: Deadtime | C8: T/Tau | D8: = | E8: 1
B10: AF | C10: Tau | D10: # | E10: Alpha | F10: Min | G10: Sigma | H10: Sigma | I10: Max | J10: Sigma
B11: 1 | C11: 1 | D11: 419 | E11: 0 | F11: 0 | G11: 1.2084e-08 | H11: 0
B12: 2 | C12: 2 | D12: 417 | E12: 0 | F12: 0 | G12: 7.6374e-09 | H12: 0
B13: 3 | C13: 3 | D13: 415 | E13: 1 | F13: 0 | G13: 6.1384e-09 | H13: 0
B14: 4 | C14: 4 | D14: 413 | E14: 2 | F14: 0 | G14: 5.4281e-09 | H14: 0
B15: 5 | C15: 5 | D15: 411 | E15: 2 | F15: 0 | G15: 4.8311e-09 | H15: 0
B16: 6 | C16: 6 | D16: 409 | E16: 2 | F16: 0 | G16: 3.9632e-09 | H16: 0
B17: 7 | C17: 7 | D17: 407 | E17: 1 | F17: 0 | G17: 3.1117e-09 | H17: 0
B18: 8 | C18: 8 | D18: 405 | E18: 1 | F18: 0 | G18: 2.8815e-09 | H18: 0
B19: 9 | C19: 9 | D19: 403 | E19: 2 | F19: 0 | G19: 2.4174e-09 | H19: 0
B20: 10 | C20: 10 | D20: 401 | E20: 2 | F20: 0 | G20: 2.1821e-09 | H20: 0
B21: 11 | C21: 11 | D21: 399 | E21: 1 | F21: 0 | G21: 1.9734e-09 | H21: 0
B22: 12 | C22: 12 | D22: 397 | E22: 1 | F22: 0 | G22: 1.8794e-09 | H22: 0
... B97: 103 | C97: 103 | D97: 215 | E97: 0 | F97: 0 | G97: 3.0132e-10 | H97: 0

Sheet Plan8 (2)
B1: STATISTICS | C1: FOR | D1: FILE: | E1: -300 | F1: uA | G1: NPLC | H1: 20 | I1: ini | J1: 2023 | K1: trecho | L1: 03.txt
B2: Frequency | C2: Data | D2: Points | E2: 1 | F2: thru | G2: 420 | H2: of | I2: 420
B3: Maximum | C3: = | D3: -0.0003000082
B4: Minimum | C4: = | D4: -0.000300062
B5: Average | C5: = | D5: -0.0003000357
B6: Sigma | C6: Type: | D6: Overlapping | E6: Allan
B7: Confidence | C7: Factor | D7: = | E7: 0.683
B8: Deadtime | C8: T/Tau | D8: = | E8: 1
B10: AF | C10: Tau | D10: # | E10: Alpha | F10: Min | G10: Sigma | H10: Sigma | I10: Max | J10: Sigma
B11: 1 | C11: 1 | D11: 419 | E11: 1 | F11: 0 | G11: 1.2905e-08 | H11: 0
B12: 2 | C12: 2 | D12: 417 | E12: 2 | F12: 0 | G12: 6.9517e-09 | H12: 0
B13: 3 | C13: 3 | D13: 415 | E13: 2 | F13: 0 | G13: 4.6136e-09 | H13: 0
B14: 4 | C14: 4 | D14: 413 | E14: 1 | F14: 0 | G14: 3.8066e-09 | H14: 0
B15: 5 | C15: 5 | D15: 411 | E15: 1 | F15: 0 | G15: 2.6936e-09 | H15: 0
B16: 6 | C16: 6 | D16: 409 | E16: 1 | F16: 0 | G16: 2.314e-09 | H16: 0
B17: 7 | C17: 7 | D17: 407 | E17: 0 | F17: 0 | G17: 1.6294e-09 | H17: 0
B18: 8 | C18: 8 | D18: 405 | E18: 1 | F18: 0 | G18: 1.8861e-09 | H18: 0
B19: 9 | C19: 9 | D19: 403 | E19: 1 | F19: 0 | G19: 1.8347e-09 | H19: 0
B20: 10 | C20: 10 | D20: 401 | E20: 0 | F20: 0 | G20: 1.424e-09 | H20: 0
B21: 11 | C21: 11 | D21: 399 | E21: 1 | F21: 0 | G21: 1.465e-09 | H21: 0
B22: 12 | C22: 12 | D22: 397 | E22: 0 | F22: 0 | G22: 1.3492e-09 | H22: 0
... B97: 103 | C97: 103 | D97: 215 | E97: 0 | F97: 0 | G97: 4.2472e-10 | H97: 0

Sheet Plan9 (2)
B1: STATISTICS | C1: FOR | D1: FILE: | E1: -300 | F1: uA | G1: NPLC | H1: 20 | I1: ini | J1: 2023 | K1: trecho | L1: 04.txt
B2: Frequency | C2: Data | D2: Points | E2: 1 | F2: thru | G2: 419 | H2: of | I2: 419
B3: Maximum | C3: = | D3: -0.0003000081
B4: Minimum | C4: = | D4: -0.000300062
B5: Average | C5: = | D5: -0.0003000354
B6: Sigma | C6: Type: | D6: Overlapping | E6: Allan
B7: Confidence | C7: Factor | D7: = | E7: 0.683
B8: Deadtime | C8: T/Tau | D8: = | E8: 1
B10: AF | C10: Tau | D10: # | E10: Alpha | F10: Min | G10: Sigma | H10: Sigma | I10: Max | J10: Sigma
B11: 1 | C11: 1 | D11: 418 | E11: 1 | F11: 0 | G11: 1.24e-08 | H11: 0
B12: 2 | C12: 2 | D12: 416 | E12: 1 | F12: 0 | G12: 6.7314e-09 | H12: 0
B13: 3 | C13: 3 | D13: 414 | E13: 2 | F13: 0 | G13: 4.6827e-09 | H13: 0
B14: 4 | C14: 4 | D14: 412 | E14: 2 | F14: 0 | G14: 3.9005e-09 | H14: 0
B15: 5 | C15: 5 | D15: 410 | E15: 2 | F15: 0 | G15: 2.803e-09 | H15: 0
B16: 6 | C16: 6 | D16: 408 | E16: 1 | F16: 0 | G16: 2.3943e-09 | H16: 0
B17: 7 | C17: 7 | D17: 406 | E17: 0 | F17: 0 | G17: 1.8195e-09 | H17: 0
B18: 8 | C18: 8 | D18: 404 | E18: 0 | F18: 0 | G18: 1.9472e-09 | H18: 0
B19: 9 | C19: 9 | D19: 402 | E19: 1 | F19: 0 | G19: 1.7282e-09 | H19: 0
B20: 10 | C20: 10 | D20: 400 | E20: 0 | F20: 0 | G20: 1.4985e-09 | H20: 0
B21: 11 | C21: 11 | D21: 398 | E21: 1 | F21: 0 | G21: 1.4755e-09 | H21: 0
B22: 12 | C22: 12 | D22: 396 | E22: 1 | F22: 0 | G22: 1.3701e-09 | H22: 0
... B97: 103 | C97: 103 | D97: 214 | E97: 0 | F97: 0 | G97: 4.088e-10 | H97: 0

Sheet Plan10 (2)
B1: STATISTICS | C1: FOR | D1: FILE: | E1: -300 | F1: uA | G1: NPLC | H1: 20 | I1: ini | J1: 2023 | K1: trecho | L1: 05.txt
B2: Frequency | C2: Data | D2: Points | E2: 1 | F2: thru | G2: 419 | H2: of | I2: 419
B3: Maximum | C3: = | D3: -0.0003000095
B4: Minimum | C4: = | D4: -0.0003000642
B5: Average | C5: = | D5: -0.0003000371
B6: Sigma | C6: Type: | D6: Overlapping | E6: Allan
B7: Confidence | C7: Factor | D7: = | E7: 0.683
B8: Deadtime | C8: T/Tau | D8: = | E8: 1
B10: AF | C10: Tau | D10: # | E10: Alpha | F10: Min | G10: Sigma | H10: Sigma | I10: Max | J10: Sigma
B11: 1 | C11: 1 | D11: 418 | E11: 1 | F11: 0 | G11: 1.3238e-08 | H11: 0
B12: 2 | C12: 2 | D12: 416 | E12: 1 | F12: 0 | G12: 7.6854e-09 | H12: 0
B13: 3 | C13: 3 | D13: 414 | E13: 1 | F13: 0 | G13: 6.1466e-09 | H13: 0
B14: 4 | C14: 4 | D14: 412 | E14: 2 | F14: 0 | G14: 5.2168e-09 | H14: 0
B15: 5 | C15: 5 | D15: 410 | E15: 1 | F15: 0 | G15: 4.3237e-09 | H15: 0
B16: 6 | C16: 6 | D16: 408 | E16: 0 | F16: 0 | G16: 3.6546e-09 | H16: 0
B17: 7 | C17: 7 | D17: 406 | E17: 0 | F17: 0 | G17: 2.8272e-09 | H17: 0
B18: 8 | C18: 8 | D18: 404 | E18: 1 | F18: 0 | G18: 2.8213e-09 | H18: 0
B19: 9 | C19: 9 | D19: 402 | E19: 1 | F19: 0 | G19: 2.4147e-09 | H19: 0
B20: 10 | C20: 10 | D20: 400 | E20: 1 | F20: 0 | G20: 2.1599e-09 | H20: 0
B21: 11 | C21: 11 | D21: 398 | E21: 1 | F21: 0 | G21: 2.1245e-09 | H21: 0
B22: 12 | C22: 12 | D22: 396 | E22: 1 | F22: 0 | G22: 2.0295e-09 | H22: 0
... B97: 103 | C97: 103 | D97: 214 | E97: 0 | F97: 0 | G97: 3.2788e-10 | H97: 0

Sheet Estabilidade 30 mA
B2: t (min) | C2: =207/60 -> 3.45 | D2: =C2+414/60 -> 10.35 | E2: =D2+414/60 -> 17.25 | F2: =E2+414/60 -> 24.15 | G2: =F2+414/60 -> 31.05 | H2: =G2+414/60 -> 37.95 | I2: =H2+414/60 -> 44.85 | J2: =I2+414/60 -> 51.75 | K2: =J2+414/60 -> 58.65 | L2: =K2+414/60 -> 65.55 | P2: (I_1 = 30 mA, tau = 20 s) | R2: Método --> | S2: Max-Min | V2: Parâmetros da regressão linear | AF2: S
B3: Desvio de Allan (I_1 = 30 mA, tau = 20 s) | C3: ='30 mA'!B21*10^9 -> 56.147 | D3: ='30 mA'!C21*10^9 -> 50.19 | E3: ='30 mA'!D21*10^9 -> 51.092 | F3: ='30 mA'!E21*10^9 -> 58.079 | G3: ='30 mA'!F21*10^9 -> 45.098 | H3: ='30 mA'!G21*10^9 -> 56.362 | I3: ='30 mA'!H21*10^9 -> 52.502 | J3: ='30 mA'!I21*10^9 -> 73.134 | ... L3: ='30 mA'!K21*10^9 -> 59.164 | M3: (em nA) | O3: Delta (A) | P3: u_stab. (A) | Q3: k | R3: U_stab. (A) | T3: U_stab. 20 s (A) | V3: N° de pts | W3: =COUNTA($C3:$L3) -> 10 | Y3: t_médio | Z3: =AVERAGE($C2:$L2) -> 34.5 | AA3: min | AF3: N
B4: y (inic. e fim) | C4: =0.24*C$2+48.98 -> 49.808 | L4: =0.24*L$2+48.98 -> 64.712 | M4: (em nA) | O4: =IF($S$2="Max-Min",MAX($C$3:$L$3)-MIN($C$3:$L$3),$L4-$C4)/10^9 -> 2.8036e-08 | P4: =ABS(O4)/SQRT($P$13) -> 8.0932961e-09 | Q4: =ROUNDDOWN(TINV(1-0.95,COUNTA($C$3:$L$3)-1),2) -> 2.26 | R4: =Q4*P4 -> 1.8290849e-08 | T4: =SQRT(SUMSQ($R4,$W6)) -> 1.8290849e-08 | V4: k_95 % | W4: =ROUND(_xlfn.T.INV((1+0.95)/2,($W3-2)),2) -> 2.31 | Y4: S_xx | Z4: =SQRT(DEVSQ($C2:$L2)) -> 62.672362
B5: y (inic. e +60 min) | C5: =0.24*C$2+48.98 -> 49.808 | L5: =0.24*(60+$C$2)+48.98 -> 64.208 | M5: (em nA) | O5: =IF($S$2="Max-Min",MAX($C$3:$L$3)-MIN($C$3:$L$3),$L5-$C5)/10^9 -> 2.8036e-08 | P5: =ABS(O5)/SQRT($P$13) -> 8.0932961e-09 | Q5: =ROUNDDOWN(TINV(1-0.95,COUNTA($C$3:$L$3)-1),2) -> 2.26 | R5: =Q5*P5 -> 1.8290849e-08 | V5: D.P. | W5: =STEYX($C3:$L3,$C2:$L2)/10^9 -> 7.5549377e-09 | X5: (em A) | AF5: Regressão linear
V6: U | W6: =IF($S2="Max-Min",0,IF($AB6="N",0,$W4*$W5/$Z4)) -> 0 | X6: (em A) | AA6: Usar incerteza da regressão? | AB6: N | AF6: Max-Min
B8: t (min) | C8: =207/60 -> 3.45 | D8: =C8+414/60 -> 10.35 | E8: =D8+414/60 -> 17.25 | F8: =E8+414/60 -> 24.15 | G8: =F8+414/60 -> 31.05 | H8: =G8+414/60 -> 37.95 | I8: =H8+414/60 -> 44.85 | J8: =I8+414/60 -> 51.75 | K8: =J8+414/60 -> 58.65 | L8: =K8+414/60 -> 65.55 | P8: (I_1 = 30 mA, tau = 99 s) | R8: Método --> | S8: Max-Min
B9: Desvio de Allan (I_1 = 30 mA, tau = 99 s) | C9: ='30 mA'!B86*10^9 -> 42.664 | D9: ='30 mA'!C86*10^9 -> 45.101 | E9: ='30 mA'!D86*10^9 -> 30.463 | F9: ='30 mA'!E86*10^9 -> 32.1 | G9: ='30 mA'!F86*10^9 -> 29.024 | H9: ='30 mA'!G86*10^9 -> 25.511 | I9: ='30 mA'!H86*10^9 -> 44.335 | J9: ='30 mA'!I86*10^9 -> 30.741 | ... L9: ='30 mA'!K86*10^9 -> 33.24 | M9: (em nA) | O9: Delta (A) | P9: u_stab. (A) | Q9: k | R9: U_stab. (A) | T9: U_stab. 100 s (A) | V9: N° de pts | W9: =COUNTA($C9:$L9) -> 10 | Y9: t_médio | Z9: =AVERAGE($C8:$L8) -> 34.5 | AA9: min
B10: y (inic. e fim) | C10: =-0.059*C$8+37.62 -> 37.41645 | L10: =-0.059*L$8+37.62 -> 33.75255 | M10: (em nA) | O10: =IF($S$8="Max-Min",MAX($C$9:$L$9)-MIN($C$9:$L$9),$L10-$C10)/10^9 -> 1.959e-08 | P10: =ABS(O10)/SQRT($P$13) -> 5.6551459e-09 | Q10: =ROUNDDOWN(TINV(1-0.95,COUNTA($C$3:$L$3)-1),2) -> 2.26 | R10: =Q10*P10 -> 1.278063e-08 | T10: =SQRT(SUMSQ($R10,$W12)) -> 1.278063e-08 | V10: k_95 % | W10: =ROUND(_xlfn.T.INV((1+0.95)/2,($W9-2)),2) -> 2.31 | Y10: S_xx | Z10: =SQRT(DEVSQ($C8:$L8)) -> 62.672362 | AF10: 3
B11: y (inic. e +60 min) | C11: =-0.059*C$8+37.62 -> 37.41645 | L11: =-0.059*(C$8+60)+37.62 -> 33.87645 | M11: (em nA) | O11: =IF($S$8="Max-Min",MAX($C$9:$L$9)-MIN($C$9:$L$9),$L11-$C11)/10^9 -> 1.959e-08 | P11: =ABS(O11)/SQRT($P$13) -> 5.6551459e-09 | Q11: =ROUNDDOWN(TINV(1-0.95,COUNTA($C$3:$L$3)-1),2) -> 2.26 | R11: =Q11*P11 -> 1.278063e-08 | V11: D.P. | W11: =STEYX($C9:$L9,$C8:$L8)/10^9 -> 7.6327746e-09 | X11: (em A) | AF11: 6
V12: U | W12: =IF($S8="Max-Min",0,IF($AB12="N",0,$W10*$W11/$Z10)) -> 0 | X12: (em A) | AA12: Usar incerteza da regressão? | AB12: N | AF12: 12
O13: Divisor | P13: 12 | U13: [3 = retangular; 6 = triangular; 12 = retangular assimétrica (GUM 4.3.8)]
E37: R | F37: =PEARSON(C3:L3,C2:L2) -> 0.57132794 | P37: R | Q37: =PEARSON(C9:L9,C8:L8) -> -0.16853481
B39: Chauvenet (outliers) - 20 s | O39: Chauvenet (outliers) - 100 s
B40: n | C40: 10 | O40: n | P40: 10
B41: Critério | C41: =ABS(_xlfn.NORM.S.INV(1/(4*C40))) -> 1.959964 | O41: Critério | P41: =ABS(_xlfn.NORM.S.INV(1/(4*P40))) -> 1.959964
B42: t (min) | C42: 3.45 | D42: 10.35 | E42: 17.25 | F42: 24.15 | G42: 31.05 | H42: 37.95 | I42: 44.85 | J42: 51.75 | K42: 58.65 | L42: 65.55 | O42: t (min) | P42: 3.45 | Q42: 10.35 | R42: 17.25 | S42: 24.15 | T42: 31.05 | U42: 37.95 | V42: 44.85 | W42: 51.75 | X42: 58.65 | Y42: 65.55
B43: =B3 -> Desvio de Allan (I_1 = 30 mA, tau = 20 s) | C43: =C3 -> 56.147 | D43: =D3 -> 50.19 | E43: =E3 -> 51.092 | F43: =F3 -> 58.079 | G43: =G3 -> 45.098 | H43: =H3 -> 56.362 | I43: =I3 -> 52.502 | ... L43: =L3 -> 59.164 | M43: (em nA) | O43: =B9 -> Desvio de Allan (I_1 = 30 mA, tau = 99 s) | P43: =C9 -> 42.664 | Q43: =D9 -> 45.101 | R43: =E9 -> 30.463 | S43: =F9 -> 32.1 | T43: =G9 -> 29.024 | U43: =H9 -> 25.511 | V43: =I9 -> 44.335 | ... Y43: =L9 -> 33.24 | Z43: (em nA)
B44: Estatística | C44: =ABS((C43-(AVERAGE($C$3:$L$3)))/(STDEVA($C$3:$L$3))) -> 0.11809265 | D44: =ABS((D43-(AVERAGE($C$3:$L$3)))/(STDEVA($C$3:$L$3))) -> 0.80447954 | E44: =ABS((E43-(AVERAGE($C$3:$L$3)))/(STDEVA($C$3:$L$3))) -> 0.70054786 | F44: =ABS((F43-(AVERAGE($C$3:$L$3)))/(STDEVA($C$3:$L$3))) -> 0.10451931 | G44: =ABS((G43-(AVERAGE($C$3:$L$3)))/(STDEVA($C$3:$L$3))) -> 1.391198 | H44: =ABS((H43-(AVERAGE($C$3:$L$3)))/(STDEVA($C$3:$L$3))) -> 0.09331958 | I44: =ABS((I43-(AVERAGE($C$3:$L$3)))/(STDEVA($C$3:$L$3))) -> 0.53808261 | J44: =ABS((J43-(AVERAGE($C$3:$L$3)))/(STDEVA($C$3:$L$3))) -> 1.8392104 | ... L44: =ABS((L43-(AVERAGE($C$3:$L$3)))/(STDEVA($C$3:$L$3))) -> 0.2295369 | O44: Estatística | P44: =ABS((P43-(AVERAGE($C$9:$L$9)))/(STDEVA($C$9:$L$9))) -> 0.96926587 | Q44: =ABS((Q43-(AVERAGE($C$9:$L$9)))/(STDEVA($C$9:$L$9))) -> 1.3030704 | R44: =ABS((R43-(AVERAGE($C$9:$L$9)))/(STDEVA($C$9:$L$9))) -> 0.70194831 | S44: =ABS((S43-(AVERAGE($C$9:$L$9)))/(STDEVA($C$9:$L$9))) -> 0.47772262 | T44: =ABS((T43-(AVERAGE($C$9:$L$9)))/(STDEVA($C$9:$L$9))) -> 0.89905324 | U44: =ABS((U43-(AVERAGE($C$9:$L$9)))/(STDEVA($C$9:$L$9))) -> 1.3802413 | V44: =ABS((V43-(AVERAGE($C$9:$L$9)))/(STDEVA($C$9:$L$9))) -> 1.1981487 | W44: =ABS((W43-(AVERAGE($C$9:$L$9)))/(STDEVA($C$9:$L$9))) -> 0.66386966 | ... Y44: =ABS((Y43-(AVERAGE($C$9:$L$9)))/(STDEVA($C$9:$L$9))) -> 0.32157278
B45: Decisão | C45: =IF(C44>$C$41,"outlier","") | D45: =IF(D44>$C$41,"outlier","") | E45: =IF(E44>$C$41,"outlier","") | F45: =IF(F44>$C$41,"outlier","") | G45: =IF(G44>$C$41,"outlier","") | H45: =IF(H44>$C$41,"outlier","") | I45: =IF(I44>$C$41,"outlier","") | J45: =IF(J44>$C$41,"outlier","") | ... L45: =IF(L44>$C$41,"outlier","") | O45: Decisão | P45: =IF(P44>$P$41,"outlier","") | Q45: =IF(Q44>$P$41,"outlier","") | R45: =IF(R44>$P$41,"outlier","") | S45: =IF(S44>$P$41,"outlier","") | T45: =IF(T44>$P$41,"outlier","") | U45: =IF(U44>$P$41,"outlier","") | V45: =IF(V44>$P$41,"outlier","") | W45: =IF(W44>$P$41,"outlier","") | ... Y45: =IF(Y44>$P$41,"outlier","")
B47: Chi-quadrado | O47: Chi-quadrado
B48: Alfa | C48: 0.05 | O48: Alfa | P48: 0.05
B49: Critério | C49: =_xlfn.CHISQ.INV(1-C48, 1) -> 3.8414588 | O49: Critério | P49: =_xlfn.CHISQ.INV(1-P48, 1) -> 3.8414588
B50: Estatística | C50: =((C43-AVERAGE($C$3:$L$3))^2)/((STDEVA($C$3:$L$3))^2) -> 0.013945874 | D50: =((D43-AVERAGE($C$3:$L$3))^2)/((STDEVA($C$3:$L$3))^2) -> 0.64718733 | E50: =((E43-AVERAGE($C$3:$L$3))^2)/((STDEVA($C$3:$L$3))^2) -> 0.49076731 | F50: =((F43-AVERAGE($C$3:$L$3))^2)/((STDEVA($C$3:$L$3))^2) -> 0.010924287 | G50: =((G43-AVERAGE($C$3:$L$3))^2)/((STDEVA($C$3:$L$3))^2) -> 1.9354319 | H50: =((H43-AVERAGE($C$3:$L$3))^2)/((STDEVA($C$3:$L$3))^2) -> 0.008708544 | I50: =((I43-AVERAGE($C$3:$L$3))^2)/((STDEVA($C$3:$L$3))^2) -> 0.2895329 | J50: =((J43-AVERAGE($C$3:$L$3))^2)/((STDEVA($C$3:$L$3))^2) -> 3.3826947 | ... L50: =((L43-AVERAGE($C$3:$L$3))^2)/((STDEVA($C$3:$L$3))^2) -> 0.052687189 | O50: Estatística | P50: =((P43-AVERAGE($C$9:$L$9))^2)/((STDEVA($C$9:$L$9))^2) -> 0.93947633 | Q50: =((Q43-AVERAGE($C$9:$L$9))^2)/((STDEVA($C$9:$L$9))^2) -> 1.6979925 | R50: =((R43-AVERAGE($C$9:$L$9))^2)/((STDEVA($C$9:$L$9))^2) -> 0.49273143 | S50: =((S43-AVERAGE($C$9:$L$9))^2)/((STDEVA($C$9:$L$9))^2) -> 0.2282189 | T50: =((T43-AVERAGE($C$9:$L$9))^2)/((STDEVA($C$9:$L$9))^2) -> 0.80829672 | U50: =((U43-AVERAGE($C$9:$L$9))^2)/((STDEVA($C$9:$L$9))^2) -> 1.905066 | V50: =((V43-AVERAGE($C$9:$L$9))^2)/((STDEVA($C$9:$L$9))^2) -> 1.4355602 | W50: =((W43-AVERAGE($C$9:$L$9))^2)/((STDEVA($C$9:$L$9))^2) -> 0.44072293 | ... Y50: =((Y43-AVERAGE($C$9:$L$9))^2)/((STDEVA($C$9:$L$9))^2) -> 0.10340906
B51: Decisão | C51: =IF(C50>$C$49,"outlier","") | D51: =IF(D50>$C$49,"outlier","") | E51: =IF(E50>$C$49,"outlier","") | F51: =IF(F50>$C$49,"outlier","") | G51: =IF(G50>$C$49,"outlier","") | H51: =IF(H50>$C$49,"outlier","") | I51: =IF(I50>$C$49,"outlier","") | J51: =IF(J50>$C$49,"outlier","") | ... L51: =IF(L50>$C$49,"outlier","") | O51: Decisão | P51: =IF(P50>$P$49,"outlier","") | Q51: =IF(Q50>$P$49,"outlier","") | R51: =IF(R50>$P$49,"outlier","") | S51: =IF(S50>$P$49,"outlier","") | T51: =IF(T50>$P$49,"outlier","") | U51: =IF(U50>$P$49,"outlier","") | V51: =IF(V50>$P$49,"outlier","") | W51: =IF(W50>$P$49,"outlier","") | ... Y51: =IF(Y50>$P$49,"outlier","")
B52: p-valor | C52: =1-_xlfn.CHISQ.DIST(C50, 1, TRUE) -> 0.90599425 | D52: =1-_xlfn.CHISQ.DIST(D50, 1, TRUE) -> 0.42112008 | E52: =1-_xlfn.CHISQ.DIST(E50, 1, TRUE) -> 0.48358522 | F52: =1-_xlfn.CHISQ.DIST(F50, 1, TRUE) -> 0.91675724 | G52: =1-_xlfn.CHISQ.DIST(G50, 1, TRUE) -> 0.16416539 | H52: =1-_xlfn.CHISQ.DIST(H50, 1, TRUE) -> 0.92564968 | I52: =1-_xlfn.CHISQ.DIST(I50, 1, TRUE) -> 0.59052002 | J52: =1-_xlfn.CHISQ.DIST(J50, 1, TRUE) -> 0.065884251 | ... L52: =1-_xlfn.CHISQ.DIST(L50, 1, TRUE) -> 0.81845164 | O52: p-valor | P52: =1-_xlfn.CHISQ.DIST(P50, 1, TRUE) -> 0.33241255 | Q52: =1-_xlfn.CHISQ.DIST(Q50, 1, TRUE) -> 0.19255073 | R52: =1-_xlfn.CHISQ.DIST(R50, 1, TRUE) -> 0.4827114 | S52: =1-_xlfn.CHISQ.DIST(S50, 1, TRUE) -> 0.63284764 | T52: =1-_xlfn.CHISQ.DIST(T50, 1, TRUE) -> 0.36862431 | U52: =1-_xlfn.CHISQ.DIST(U50, 1, TRUE) -> 0.16751237 | V52: =1-_xlfn.CHISQ.DIST(V50, 1, TRUE) -> 0.23085915 | W52: =1-_xlfn.CHISQ.DIST(W50, 1, TRUE) -> 0.50677373 | ... Y52: =1-_xlfn.CHISQ.DIST(Y50, 1, TRUE) -> 0.74777636
B54: Dixon | O54: Dixon
B55: Q = 0.11345, p-value = 0.5888 | F55: Q = 0.18159, p-value = 0.3906 | O55: Q = 0.038795, p-value = 0.8465 | S55: Q = 0.17917, p-value = 0.3969
B56: alternative hypothesis: highest value 73.13 is an outlier | F56: alternative hypothesis: lowest value 45.1 is an outlier | O56: alternative hypothesis: highest value 45.1 is an outlier | S56: alternative hypothesis: lowest value 25.51 is an outlier
B58: Suposição de normalidade (Shapiro-Wilk) | O58: Suposição de normalidade (Shapiro-Wilk)
B59: W = 0.92259, p-value = 0.3791 | O59: W = 0.86828, p-value = 0.09544

Sheet Estabilidade 10 mA
B2: t (min) | C2: =207/60 -> 3.45 | D2: =C2+414/60 -> 10.35 | E2: =D2+414/60 -> 17.25 | F2: =E2+414/60 -> 24.15 | G2: =F2+414/60 -> 31.05 | I2: =G2+828/60 -> 44.85 | J2: =I2+414/60 -> 51.75 | K2: =J2+414/60 -> 58.65 | L2: =K2+414/60 -> 65.55 | P2: (I_1 = 10 mA, tau = 20 s) | R2: Método --> | S2: Max-Min | V2: Parâmetros da regressão linear | AF2: S
B3: Desvio de Allan (I_1 = 10 mA, tau = 20 s) | C3: ='10 mA'!B21*10^9 -> 9.5329 | D3: ='10 mA'!C21*10^9 -> 12.513 | E3: ='10 mA'!D21*10^9 -> 22.237 | F3: ='10 mA'!E21*10^9 -> 11.891 | G3: ='10 mA'!F21*10^9 -> 15.704 | I3: ='10 mA'!H21*10^9 -> 10.733 | J3: ='10 mA'!I21*10^9 -> 10.78 | K3: ='10 mA'!J21*10^9 -> 15.816 | L3: ='10 mA'!K21*10^9 -> 11.152 | M3: (em nA) | O3: Delta (A) | P3: u_stab. (A) | Q3: k | R3: U_stab. (A) | T3: U_stab. 20 s (A) | V3: N° de pts | W3: =COUNTA($C3:$L3) -> 9 | Y3: t_médio | Z3: =AVERAGE($C2:$L2) -> 34.116667 | AA3: min | AF3: N
B4: y (inic. e fim) | C4: =-0.022*C$2+14.137 -> 14.0611 | L4: =-0.022*L$2+14.137 -> 12.6949 | M4: (em nA) | O4: =IF($S$2="Max-Min",MAX($C$3:$L$3)-MIN($C$3:$L$3),$L4-$C4)/10^9 -> 1.27041e-08 | P4: =ABS(O4)/SQRT($P$13) -> 3.6673578e-09 | Q4: =ROUNDDOWN(TINV(1-0.95,COUNTA($C$3:$L$3)-1),2) -> 2.3 | R4: =Q4*P4 -> 8.4349229e-09 | T4: =SQRT(SUMSQ($R4,$W6)) -> 8.4349229e-09 | V4: k_95 % | W4: =ROUND(_xlfn.T.INV((1+0.95)/2,($W3-2)),2) -> 2.36 | Y4: S_xx | Z4: =SQRT(DEVSQ($C2:$L2)) -> 62.566764
B5: y (inic. e +60 min) | C5: =-0.022*C$2+14.137 -> 14.0611 | L5: =-0.022*(60+C$2)+14.137 -> 12.7411 | M5: (em nA) | O5: =IF($S$2="Max-Min",MAX($C$3:$L$3)-MIN($C$3:$L$3),$L5-$C5)/10^9 -> 1.27041e-08 | P5: =ABS(O5)/SQRT($P$13) -> 3.6673578e-09 | Q5: =ROUNDDOWN(TINV(1-0.95,COUNTA($C$3:$L$3)-1),2) -> 2.3 | R5: =Q5*P5 -> 8.4349229e-09 | V5: D.P. | W5: =STEYX($C3:$L3,$C2:$L2)/10^9 -> 4.2142536e-09 | X5: (em A) | AF5: Regressão linear
V6: U | W6: =IF($S2="Max-Min",0,IF($AB6="N",0,$W4*$W5/$Z4)) -> 0 | X6: (em A) | AA6: Usar incerteza da regressão? | AB6: N | AF6: Max-Min
B8: t (min) | D8: =3.45+414/60 -> 10.35 | E8: =D8+414/60 -> 17.25 | F8: =E8+414/60 -> 24.15 | G8: =F8+414/60 -> 31.05 | H8: =G8+414/60 -> 37.95 | I8: =H8+414/60 -> 44.85 | J8: =I8+414/60 -> 51.75 | K8: =J8+414/60 -> 58.65 | L8: =K8+414/60 -> 65.55 | P8: (I_1 = 10 mA, tau = 99 s) | R8: Método --> | S8: Max-Min
B9: Desvio de Allan (I_1 = 10 mA, tau = 99 s) | D9: ='10 mA'!C86*10^9 -> 15.483 | E9: ='10 mA'!D86*10^9 -> 24.292 | F9: ='10 mA'!E86*10^9 -> 18.517 | G9: ='10 mA'!F86*10^9 -> 17.818 | H9: ='10 mA'!G86*10^9 -> 27.952 | I9: ='10 mA'!H86*10^9 -> 22.262 | J9: ='10 mA'!I86*10^9 -> 18.63 | K9: ='10 mA'!J86*10^9 -> 24.017 | L9: ='10 mA'!K86*10^9 -> 20.456 | M9: (em nA) | O9: Delta (A) | P9: u_stab. (A) | Q9: k | R9: U_stab. (A) | T9: U_stab. 100 s (A) | V9: N° de pts | W9: =COUNTA($C9:$L9) -> 9 | Y9: t_médio | Z9: =AVERAGE($C8:$L8) -> 37.95 | AA9: min
B10: y (inic. e fim) | C10: =0.057*3.45+18.872 -> 19.06865 | L10: =0.057*L$8+18.872 -> 22.60835 | M10: (em nA) | O10: =IF($S$8="Max-Min",MAX($C$9:$L$9)-MIN($C$9:$L$9),$L10-$C10)/10^9 -> 1.2469e-08 | P10: =ABS(O10)/SQRT($P$13) -> 3.5994903e-09 | Q10: =ROUNDDOWN(TINV(1-0.95,COUNTA($C$9:$L$9)-1),2) -> 2.3 | R10: =Q10*P10 -> 8.2788276e-09 | T10: =SQRT(SUMSQ($R10,$W12)) -> 8.2788276e-09 | V10: k_95 % | W10: =ROUND(_xlfn.T.INV((1+0.95)/2,($W9-2)),2) -> 2.36 | Y10: S_xx | Z10: =SQRT(DEVSQ($C8:$L8)) -> 53.44717 | AF10: 3
B11: y (inic. e +60 min) | C11: =0.057*3.45+18.872 -> 19.06865 | L11: =0.057*(3.45+60)+18.872 -> 22.48865 | M11: (em nA) | O11: =IF($S$8="Max-Min",MAX($C$9:$L$9)-MIN($C$9:$L$9),$L11-$C11)/10^9 -> 1.2469e-08 | P11: =ABS(O11)/SQRT($P$13) -> 3.5994903e-09 | Q11: =ROUNDDOWN(TINV(1-0.95,COUNTA($C$9:$L$9)-1),2) -> 2.3 | R11: =Q11*P11 -> 8.2788276e-09 | V11: D.P. | W11: =STEYX($C9:$L9,$C8:$L8)/10^9 -> 4.0194532e-09 | X11: (em A) | AF11: 6
V12: U | W12: =IF($S8="Max-Min",0,IF($AB12="N",0,$W10*$W11/$Z10)) -> 0 | X12: (em A) | AA12: Usar incerteza da regressão? | AB12: N | AF12: 12
O13: Divisor | P13: 12 | U13: [3 = retangular; 6 = triangular; 12 = retangular assimétrica (GUM 4.3.8)]
E37: R | F37: =PEARSON(C3:L3,C2:L2) -> -0.12461991 | P37: R | Q37: =PEARSON(C9:L9,C8:L8) -> 0.27689345
B39: Chauvenet (outliers) - 20 s | O39: Chauvenet (outliers) - 100 s
B40: t (min) | C40: 3.45 | D40: 10.35 | E40: 17.25 | F40: 24.15 | G40: 31.05 | H40: 37.95 | I40: 44.85 | J40: 51.75 | K40: 58.65 | L40: 65.55 | O40: t (min) | P40: 3.45 | Q40: 10.35 | R40: 17.25 | S40: 24.15 | T40: 31.05 | U40: 37.95 | V40: 44.85 | W40: 51.75 | X40: 58.65 | Y40: 65.55
B41: =B3 -> Desvio de Allan (I_1 = 10 mA, tau = 20 s) | C41: ='Estabilidade 10 mA s descarte'!C43 -> 9.5329 | D41: ='Estabilidade 10 mA s descarte'!D43 -> 12.513 | E41: ='Estabilidade 10 mA s descarte'!E43 -> 22.237 | F41: ='Estabilidade 10 mA s descarte'!F43 -> 11.891 | G41: ='Estabilidade 10 mA s descarte'!G43 -> 15.704 | H41: ='Estabilidade 10 mA s descarte'!H43 -> 23.483 | I41: ='Estabilidade 10 mA s descarte'!I43 -> 10.733 | J41: ='Estabilidade 10 mA s descarte'!J43 -> 10.78 | ... L41: ='Estabilidade 10 mA s descarte'!L43 -> 11.152 | M41: (em nA) | O41: =B9 -> Desvio de Allan (I_1 = 10 mA, tau = 99 s) | P41: ='Estabilidade 10 mA s descarte'!P43 -> 6.4101 | Q41: ='Estabilidade 10 mA s descarte'!Q43 -> 15.483 | R41: ='Estabilidade 10 mA s descarte'!R43 -> 24.292 | S41: ='Estabilidade 10 mA s descarte'!S43 -> 18.517 | T41: ='Estabilidade 10 mA s descarte'!T43 -> 17.818 | U41: ='Estabilidade 10 mA s descarte'!U43 -> 27.952 | V41: ='Estabilidade 10 mA s descarte'!V43 -> 22.262 | W41: ='Estabilidade 10 mA s descarte'!W43 -> 18.63 | ... Y41: ='Estabilidade 10 mA s descarte'!Y43 -> 20.456 | Z41: (em nA)
B42: Decisão | C42: ='Estabilidade 10 mA s descarte'!C45 | D42: ='Estabilidade 10 mA s descarte'!D45 | E42: ='Estabilidade 10 mA s descarte'!E45 | F42: ='Estabilidade 10 mA s descarte'!F45 | G42: ='Estabilidade 10 mA s descarte'!G45 | H42: outlier | I42: ='Estabilidade 10 mA s descarte'!I45 | J42: ='Estabilidade 10 mA s descarte'!J45 | K42: ='Estabilidade 10 mA s descarte'!K45 | L42: ='Estabilidade 10 mA s descarte'!L45 | O42: Decisão | P42: ='Estabilidade 10 mA s descarte'!P45 -> outlier | Q42: ='Estabilidade 10 mA s descarte'!Q45 | R42: ='Estabilidade 10 mA s descarte'!R45 | S42: ='Estabilidade 10 mA s descarte'!S45 | T42: ='Estabilidade 10 mA s descarte'!T45 | U42: ='Estabilidade 10 mA s descarte'!U45 | V42: ='Estabilidade 10 mA s descarte'!V45 | W42: ='Estabilidade 10 mA s descarte'!W45 | ... Y42: ='Estabilidade 10 mA s descarte'!Y45

Sheet Estabilidade 3 mA
B2: t (min) | C2: =207/60 -> 3.45 | D2: =C2+414/60 -> 10.35 | E2: =D2+414/60 -> 17.25 | F2: =E2+414/60 -> 24.15 | G2: =F2+414/60 -> 31.05 | H2: =G2+414/60 -> 37.95 | I2: =H2+414/60 -> 44.85 | J2: =I2+414/60 -> 51.75 | K2: =J2+414/60 -> 58.65 | L2: =K2+414/60 -> 65.55 | P2: (I_1 = 3 mA, tau = 20 s) | R2: Método --> | S2: Max-Min | V2: Parâmetros da regressão linear | AF2: S
B3: Desvio de Allan (I_1 = 3 mA, tau = 20 s) | C3: ='3 mA'!B21*10^9 -> 2.2889 | D3: ='3 mA'!C21*10^9 -> 2.7445 | E3: ='3 mA'!D21*10^9 -> 2.382 | F3: ='3 mA'!E21*10^9 -> 2.6664 | G3: ='3 mA'!F21*10^9 -> 2.1259 | H3: ='3 mA'!G21*10^9 -> 2.178 | I3: ='3 mA'!H21*10^9 -> 2.8144 | J3: ='3 mA'!I21*10^9 -> 3.0244 | ... L3: ='3 mA'!K21*10^9 -> 1.8499 | M3: (em nA) | O3: Delta (A) | P3: u_stab. (A) | Q3: k | R3: U_stab. (A) | T3: U_stab. 20 s (A) | V3: N° de pts | W3: =COUNTA($C3:$L3) -> 10 | Y3: t_médio | Z3: =AVERAGE($C2:$L2) -> 34.5 | AA3: min | AF3: N
B4: y (inic. e fim) | C4: =-0.0045*C$2+2.5682 -> 2.552675 | L4: =-0.0045*L$2+2.5682 -> 2.273225 | M4: (em nA) | O4: =IF($S$2="Max-Min",MAX($C$3:$L$3)-MIN($C$3:$L$3),$L4-$C4)/10^9 -> 1.1745e-09 | P4: =ABS(O4)/SQRT($P$13) -> 3.3904895e-10 | Q4: =ROUNDDOWN(TINV(1-0.95,COUNTA($C$3:$L$3)-1),2) -> 2.26 | R4: =Q4*P4 -> 7.6625062e-10 | T4: =SQRT(SUMSQ($R4,$W6)) -> 7.6625062e-10 | V4: k_95 % | W4: =ROUND(_xlfn.T.INV((1+0.95)/2,($W3-2)),2) -> 2.31 | Y4: S_xx | Z4: =SQRT(DEVSQ($C2:$L2)) -> 62.672362
B5: y (inic. e +60 min) | C5: =-0.0045*C$2+2.5682 -> 2.552675 | L5: =-0.0045*(60+$C$2)+2.5682 -> 2.282675 | M5: (em nA) | O5: =IF($S$2="Max-Min",MAX($C$3:$L$3)-MIN($C$3:$L$3),$L5-$C5)/10^9 -> 1.1745e-09 | P5: =ABS(O5)/SQRT($P$13) -> 3.3904895e-10 | Q5: =ROUNDDOWN(TINV(1-0.95,COUNTA($C$3:$L$3)-1),2) -> 2.26 | R5: =Q5*P5 -> 7.6625062e-10 | V5: D.P. | W5: =STEYX($C3:$L3,$C2:$L2)/10^9 -> 3.9339044e-10 | X5: (em A) | AF5: Regressão linear
V6: U | W6: =IF($S2="Max-Min",0,IF($AB6="N",0,$W4*$W5/$Z4)) -> 0 | X6: (em A) | AA6: Usar incerteza da regressão? | AB6: N | AF6: Max-Min
B8: t (min) | C8: =207/60 -> 3.45 | D8: =C8+414/60 -> 10.35 | E8: =D8+414/60 -> 17.25 | F8: =E8+414/60 -> 24.15 | G8: =F8+414/60 -> 31.05 | H8: =G8+414/60 -> 37.95 | I8: =H8+414/60 -> 44.85 | J8: =I8+414/60 -> 51.75 | K8: =J8+414/60 -> 58.65 | L8: =K8+414/60 -> 65.55 | P8: (I_1 = 3 mA, tau = 99 s) | R8: Método --> | S8: Max-Min
B9: Desvio de Allan (I_1 = 3 mA, tau = 99 s) | C9: ='3 mA'!B86*10^9 -> 1.186 | D9: ='3 mA'!C86*10^9 -> 1.7276 | E9: ='3 mA'!D86*10^9 -> 2.0387 | F9: ='3 mA'!E86*10^9 -> 1.7724 | G9: ='3 mA'!F86*10^9 -> 2.0626 | H9: ='3 mA'!G86*10^9 -> 1.4773 | I9: ='3 mA'!H86*10^9 -> 1.9313 | J9: ='3 mA'!I86*10^9 -> 2.333 | ... L9: ='3 mA'!K86*10^9 -> 1.7116 | M9: (em nA) | O9: Delta (A) | P9: u_stab. (A) | Q9: k | R9: U_stab. (A) | T9: U_stab. 100 s (A) | V9: N° de pts | W9: =COUNTA($C9:$L9) -> 10 | Y9: t_médio | Z9: =AVERAGE($C8:$L8) -> 34.5 | AA9: min
B10: y (inic. e fim) | C10: =0.0047*C$8+1.6238 -> 1.640015 | L10: =0.0047*L$8+1.6238 -> 1.931885 | M10: (em nA) | O10: =IF($S$8="Max-Min",MAX($C$9:$L$9)-MIN($C$9:$L$9),$L10-$C10)/10^9 -> 1.147e-09 | P10: =ABS(O10)/SQRT($P$13) -> 3.3111038e-10 | Q10: =ROUNDDOWN(TINV(1-0.95,COUNTA($C$3:$L$3)-1),2) -> 2.26 | R10: =Q10*P10 -> 7.4830946e-10 | T10: =SQRT(SUMSQ($R10,$W12)) -> 7.4830946e-10 | V10: k_95 % | W10: =ROUND(_xlfn.T.INV((1+0.95)/2,($W9-2)),2) -> 2.31 | Y10: S_xx | Z10: =SQRT(DEVSQ($C8:$L8)) -> 62.672362 | AF10: 3
B11: y (inic. e +60 min) | C11: =0.0047*C$8+1.6238 -> 1.640015 | L11: =0.0047*(60+$C$8)+1.6238 -> 1.922015 | M11: (em nA) | O11: =IF($S$8="Max-Min",MAX($C$9:$L$9)-MIN($C$9:$L$9),$L11-$C11)/10^9 -> 1.147e-09 | P11: =ABS(O11)/SQRT($P$13) -> 3.3111038e-10 | Q11: =ROUNDDOWN(TINV(1-0.95,COUNTA($C$3:$L$3)-1),2) -> 2.26 | R11: =Q11*P11 -> 7.4830946e-10 | V11: D.P. | W11: =STEYX($C9:$L9,$C8:$L8)/10^9 -> 3.2870268e-10 | X11: (em A) | AF11: 6
V12: U | W12: =IF($S8="Max-Min",0,IF($AB12="N",0,$W10*$W11/$Z10)) -> 0 | X12: (em A) | AA12: Usar incerteza da regressão? | AB12: N | AF12: 12
O13: Divisor | P13: 12 | U13: [3 = retangular; 6 = triangular; 12 = retangular assimétrica (GUM 4.3.8)]
E37: R | F37: =PEARSON(C3:L3,C2:L2) -> -0.24796785 | P37: R | Q37: =PEARSON(C9:L9,C8:L8) -> 0.30269689
B39: Chauvenet (outliers) - 20 s | O39: Chauvenet (outliers) - 100 s
B40: n | C40: 10 | O40: n | P40: 10
B41: Critério | C41: =ABS(_xlfn.NORM.S.INV(1/(4*C40))) -> 1.959964 | O41: Critério | P41: =ABS(_xlfn.NORM.S.INV(1/(4*P40))) -> 1.959964
B42: t (min) | C42: 3.45 | D42: 10.35 | E42: 17.25 | F42: 24.15 | G42: 31.05 | H42: 37.95 | I42: 44.85 | J42: 51.75 | K42: 58.65 | L42: 65.55 | O42: t (min) | P42: 3.45 | Q42: 10.35 | R42: 17.25 | S42: 24.15 | T42: 31.05 | U42: 37.95 | V42: 44.85 | W42: 51.75 | X42: 58.65 | Y42: 65.55
B43: =B3 -> Desvio de Allan (I_1 = 3 mA, tau = 20 s) | C43: =C3 -> 2.2889 | D43: =D3 -> 2.7445 | E43: =E3 -> 2.382 | F43: =F3 -> 2.6664 | G43: =G3 -> 2.1259 | H43: =H3 -> 2.178 | I43: =I3 -> 2.8144 | ... L43: =L3 -> 1.8499 | M43: (em nA) | O43: =B9 -> Desvio de Allan (I_1 = 3 mA, tau = 99 s) | P43: =C9 -> 1.186 | Q43: =D9 -> 1.7276 | R43: =E9 -> 2.0387 | S43: =F9 -> 1.7724 | T43: =G9 -> 2.0626 | U43: =H9 -> 1.4773 | V43: =I9 -> 1.9313 | ... Y43: =L9 -> 1.7116 | Z43: (em nA)
B44: Estatística | C44: =ABS((C43-(AVERAGE($C$3:$L$3)))/(STDEVA($C$3:$L$3))) -> 0.3201 | D44: =ABS((D43-(AVERAGE($C$3:$L$3)))/(STDEVA($C$3:$L$3))) -> 0.86992498 | E44: =ABS((E43-(AVERAGE($C$3:$L$3)))/(STDEVA($C$3:$L$3))) -> 0.076923256 | F44: =ABS((F43-(AVERAGE($C$3:$L$3)))/(STDEVA($C$3:$L$3))) -> 0.66592816 | G44: =ABS((G43-(AVERAGE($C$3:$L$3)))/(STDEVA($C$3:$L$3))) -> 0.74585521 | H44: =ABS((H43-(AVERAGE($C$3:$L$3)))/(STDEVA($C$3:$L$3))) -> 0.60977026 | I44: =ABS((I43-(AVERAGE($C$3:$L$3)))/(STDEVA($C$3:$L$3))) -> 1.0525034 | J44: =ABS((J43-(AVERAGE($C$3:$L$3)))/(STDEVA($C$3:$L$3))) -> 1.6010224 | ... L44: =ABS((L43-(AVERAGE($C$3:$L$3)))/(STDEVA($C$3:$L$3))) -> 1.4667659 | O44: Estatística | P44: =ABS((P43-(AVERAGE($C$9:$L$9)))/(STDEVA($C$9:$L$9))) -> 1.846456 | Q44: =ABS((Q43-(AVERAGE($C$9:$L$9)))/(STDEVA($C$9:$L$9))) -> 0.18080439 | R44: =ABS((R43-(AVERAGE($C$9:$L$9)))/(STDEVA($C$9:$L$9))) -> 0.77596113 | S44: =ABS((S43-(AVERAGE($C$9:$L$9)))/(STDEVA($C$9:$L$9))) -> 0.043025232 | T44: =ABS((T43-(AVERAGE($C$9:$L$9)))/(STDEVA($C$9:$L$9))) -> 0.84946385 | U44: =ABS((U43-(AVERAGE($C$9:$L$9)))/(STDEVA($C$9:$L$9))) -> 0.95058391 | V44: =ABS((V43-(AVERAGE($C$9:$L$9)))/(STDEVA($C$9:$L$9))) -> 0.44566021 | W44: =ABS((W43-(AVERAGE($C$9:$L$9)))/(STDEVA($C$9:$L$9))) -> 1.6810595 | ... Y44: =ABS((Y43-(AVERAGE($C$9:$L$9)))/(STDEVA($C$9:$L$9))) -> 0.23001123
B45: Decisão | C45: =IF(C44>$C$41,"outlier","") | D45: =IF(D44>$C$41,"outlier","") | E45: =IF(E44>$C$41,"outlier","") | F45: =IF(F44>$C$41,"outlier","") | G45: =IF(G44>$C$41,"outlier","") | H45: =IF(H44>$C$41,"outlier","") | I45: =IF(I44>$C$41,"outlier","") | J45: =IF(J44>$C$41,"outlier","") | ... L45: =IF(L44>$C$41,"outlier","") | O45: Decisão | P45: =IF(P44>$P$41,"outlier","") | Q45: =IF(Q44>$P$41,"outlier","") | R45: =IF(R44>$P$41,"outlier","") | S45: =IF(S44>$P$41,"outlier","") | T45: =IF(T44>$P$41,"outlier","") | U45: =IF(U44>$P$41,"outlier","") | V45: =IF(V44>$P$41,"outlier","") | W45: =IF(W44>$P$41,"outlier","") | ... Y45: =IF(Y44>$P$41,"outlier","")
B47: Chi-quadrado | O47: Chi-quadrado
B48: Alfa | C48: 0.05 | O48: Alfa | P48: 0.05
B49: Critério | C49: =_xlfn.CHISQ.INV(1-C48, 1) -> 3.8414588 | O49: Critério | P49: =_xlfn.CHISQ.INV(1-P48, 1) -> 3.8414588
B50: Estatística | C50: =((C43-AVERAGE($C$3:$L$3))^2)/((STDEVA($C$3:$L$3))^2) -> 0.10246401 | D50: =((D43-AVERAGE($C$3:$L$3))^2)/((STDEVA($C$3:$L$3))^2) -> 0.75676946 | E50: =((E43-AVERAGE($C$3:$L$3))^2)/((STDEVA($C$3:$L$3))^2) -> 0.0059171874 | F50: =((F43-AVERAGE($C$3:$L$3))^2)/((STDEVA($C$3:$L$3))^2) -> 0.44346031 | G50: =((G43-AVERAGE($C$3:$L$3))^2)/((STDEVA($C$3:$L$3))^2) -> 0.55629999 | H50: =((H43-AVERAGE($C$3:$L$3))^2)/((STDEVA($C$3:$L$3))^2) -> 0.37181977 | I50: =((I43-AVERAGE($C$3:$L$3))^2)/((STDEVA($C$3:$L$3))^2) -> 1.1077635 | J50: =((J43-AVERAGE($C$3:$L$3))^2)/((STDEVA($C$3:$L$3))^2) -> 2.5632728 | ... L50: =((L43-AVERAGE($C$3:$L$3))^2)/((STDEVA($C$3:$L$3))^2) -> 2.1514021 | O50: Estatística | P50: =((P43-AVERAGE($C$9:$L$9))^2)/((STDEVA($C$9:$L$9))^2) -> 3.4093996 | Q50: =((Q43-AVERAGE($C$9:$L$9))^2)/((STDEVA($C$9:$L$9))^2) -> 0.032690227 | R50: =((R43-AVERAGE($C$9:$L$9))^2)/((STDEVA($C$9:$L$9))^2) -> 0.60211568 | S50: =((S43-AVERAGE($C$9:$L$9))^2)/((STDEVA($C$9:$L$9))^2) -> 0.0018511706 | T50: =((T43-AVERAGE($C$9:$L$9))^2)/((STDEVA($C$9:$L$9))^2) -> 0.72158884 | U50: =((U43-AVERAGE($C$9:$L$9))^2)/((STDEVA($C$9:$L$9))^2) -> 0.90360977 | V50: =((V43-AVERAGE($C$9:$L$9))^2)/((STDEVA($C$9:$L$9))^2) -> 0.19861302 | W50: =((W43-AVERAGE($C$9:$L$9))^2)/((STDEVA($C$9:$L$9))^2) -> 2.8259609 | ... Y50: =((Y43-AVERAGE($C$9:$L$9))^2)/((STDEVA($C$9:$L$9))^2) -> 0.052905165
B51: Decisão | C51: =IF(C50>$C$49,"outlier","") | D51: =IF(D50>$C$49,"outlier","") | E51: =IF(E50>$C$49,"outlier","") | F51: =IF(F50>$C$49,"outlier","") | G51: =IF(G50>$C$49,"outlier","") | H51: =IF(H50>$C$49,"outlier","") | I51: =IF(I50>$C$49,"outlier","") | J51: =IF(J50>$C$49,"outlier","") | ... L51: =IF(L50>$C$49,"outlier","") | O51: Decisão | P51: =IF(P50>$P$49,"outlier","") | Q51: =IF(Q50>$P$49,"outlier","") | R51: =IF(R50>$P$49,"outlier","") | S51: =IF(S50>$P$49,"outlier","") | T51: =IF(T50>$P$49,"outlier","") | U51: =IF(U50>$P$49,"outlier","") | V51: =IF(V50>$P$49,"outlier","") | W51: =IF(W50>$P$49,"outlier","") | ... Y51: =IF(Y50>$P$49,"outlier","")
B52: p-valor | C52: =1-_xlfn.CHISQ.DIST(C50, 1, TRUE) -> 0.74889252 | D52: =1-_xlfn.CHISQ.DIST(D50, 1, TRUE) -> 0.3843414 | E52: =1-_xlfn.CHISQ.DIST(E50, 1, TRUE) -> 0.9386846 | F52: =1-_xlfn.CHISQ.DIST(F50, 1, TRUE) -> 0.50545702 | G52: =1-_xlfn.CHISQ.DIST(G50, 1, TRUE) -> 0.45575489 | H52: =1-_xlfn.CHISQ.DIST(H50, 1, TRUE) -> 0.542014 | I52: =1-_xlfn.CHISQ.DIST(I50, 1, TRUE) -> 0.29256863 | J52: =1-_xlfn.CHISQ.DIST(J50, 1, TRUE) -> 0.10937196 | ... L52: =1-_xlfn.CHISQ.DIST(L50, 1, TRUE) -> 0.14243976 | O52: p-valor | P52: =1-_xlfn.CHISQ.DIST(P50, 1, TRUE) -> 0.064826027 | Q52: =1-_xlfn.CHISQ.DIST(Q50, 1, TRUE) -> 0.85652112 | R52: =1-_xlfn.CHISQ.DIST(R50, 1, TRUE) -> 0.43777193 | S52: =1-_xlfn.CHISQ.DIST(S50, 1, TRUE) -> 0.96568142 | T52: =1-_xlfn.CHISQ.DIST(T50, 1, TRUE) -> 0.39562324 | U52: =1-_xlfn.CHISQ.DIST(U50, 1, TRUE) -> 0.34181564 | V52: =1-_xlfn.CHISQ.DIST(V50, 1, TRUE) -> 0.65584271 | W52: =1-_xlfn.CHISQ.DIST(W50, 1, TRUE) -> 0.092751364 | ... Y52: =1-_xlfn.CHISQ.DIST(Y50, 1, TRUE) -> 0.81808304
B54: Dixon | O54: Dixon
B55: Q = 0.17949, p-value = 0.3961 | F55: Q = 0.16239, p-value = 0.4418 | O55: Q = 0.23684, p-value = 0.2634 | S55: Q = 0.25439, p-value = 0.231
B56: alternative hypothesis: highest value 3.02 is an outlier | F56: alternative hypothesis: lowest value 1.85 is an outlier | O56: alternative hypothesis: highest value 2.33 is an outlier | S56: alternative hypothesis: lowest value 1.19 is an outlier
B58: Suposição de normalidade (Shapiro-Wilk) | O58: Suposição de normalidade (Shapiro-Wilk)
B59: W = 0.95914, p-value = 0.7761 | O59: W = 0.98562, p-value = 0.9881

Sheet Estabilidade 1 mA
B2: t (min) | C2: =207/60 -> 3.45 | D2: =C2+414/60 -> 10.35 | E2: =D2+414/60 -> 17.25 | F2: =E2+414/60 -> 24.15 | G2: =F2+414/60 -> 31.05 | H2: =G2+414/60 -> 37.95 | J2: =H2+828/60 -> 51.75 | K2: =J2+414/60 -> 58.65 | L2: =K2+414/60 -> 65.55 | P2: (I_1 = 1 mA, tau = 20 s) | R2: Método --> | S2: Max-Min | V2: Parâmetros da regressão linear | AF2: S
B3: Desvio de Allan (I_1 = 1 mA, tau = 20 s) | C3: ='1 mA'!B21*10^9 -> 1.2994 | D3: ='1 mA'!C21*10^9 -> 1.5152 | E3: ='1 mA'!D21*10^9 -> 1.3506 | F3: ='1 mA'!E21*10^9 -> 1.3574 | G3: ='1 mA'!F21*10^9 -> 1.4645 | H3: ='1 mA'!G21*10^9 -> 1.8406 | J3: ='1 mA'!I21*10^9 -> 1.8714 | K3: ='1 mA'!J21*10^9 -> 2.1614 | L3: ='1 mA'!K21*10^9 -> 2.1204 | M3: (em nA) | O3: Delta (A) | P3: u_stab. (A) | Q3: k | R3: U_stab. (A) | T3: U_stab. 20 s (A) | V3: N° de pts | W3: =COUNTA($C3:$L3) -> 9 | Y3: t_médio | Z3: =AVERAGE($C2:$L2) -> 33.35 | AA3: min | AF3: N
B4: y (inic. e fim) | C4: =0.014*C$2+1.187 -> 1.2353 | L4: =0.014*L$2+1.187 -> 2.1047 | M4: (em nA) | O4: =IF($S$2="Max-Min",MAX($C$3:$L$3)-MIN($C$3:$L$3),$L4-$C4)/10^9 -> 8.62e-10 | P4: =ABS(O4)/SQRT($P$13) -> 2.4883797e-10 | Q4: =ROUNDDOWN(TINV(1-0.95,COUNTA($C$3:$L$3)-1),2) -> 2.3 | R4: =Q4*P4 -> 5.7232732e-10 | T4: =SQRT(SUMSQ($R4,$W6)) -> 5.7232732e-10 | V4: k_95 % | W4: =ROUND(_xlfn.T.INV((1+0.95)/2,($W3-2)),2) -> 2.36 | Y4: S_xx | Z4: =SQRT(DEVSQ($C2:$L2)) -> 61.715476
B5: y (inic. e +60 min) | C5: =0.014*C$2+1.187 -> 1.2353 | L5: =0.014*(60+$C2)+1.187 -> 2.0753 | M5: (em nA) | O5: =IF($S$2="Max-Min",MAX($C$3:$L$3)-MIN($C$3:$L$3),$L5-$C5)/10^9 -> 8.62e-10 | P5: =ABS(O5)/SQRT($P$13) -> 2.4883797e-10 | Q5: =ROUNDDOWN(TINV(1-0.95,COUNTA($C$3:$L$3)-1),2) -> 2.3 | R5: =Q5*P5 -> 5.7232732e-10 | V5: D.P. | W5: =STEYX($C3:$L3,$C2:$L2)/10^9 -> 1.3913191e-10 | X5: (em A) | AF5: Regressão linear
V6: U | W6: =IF($S2="Max-Min",0,IF($AB6="N",0,$W4*$W5/$Z4)) -> 0 | X6: (em A) | AA6: Usar incerteza da regressão? | AB6: N | AF6: Max-Min
B8: t (min) | C8: =207/60 -> 3.45 | D8: =C8+414/60 -> 10.35 | E8: =D8+414/60 -> 17.25 | F8: =E8+414/60 -> 24.15 | G8: =F8+414/60 -> 31.05 | H8: =G8+414/60 -> 37.95 | I8: =H8+414/60 -> 44.85 | J8: =I8+414/60 -> 51.75 | K8: =J8+414/60 -> 58.65 | P8: (I_1 = 1 mA, tau = 99 s) | R8: Método --> | S8: Max-Min
B9: Desvio de Allan (I_1 = 1 mA, tau = 99 s) | C9: ='1 mA'!B86*10^9 -> 0.80539 | D9: ='1 mA'!C86*10^9 -> 0.62701 | E9: ='1 mA'!D86*10^9 -> 0.6278 | F9: ='1 mA'!E86*10^9 -> 0.84714 | G9: ='1 mA'!F86*10^9 -> 0.48719 | H9: ='1 mA'!G86*10^9 -> 1.1437 | I9: ='1 mA'!H86*10^9 -> 0.72581 | J9: ='1 mA'!I86*10^9 -> 1.0609 | K9: ='1 mA'!J86*10^9 -> 0.8292 | M9: (em nA) | O9: Delta (A) | P9: u_stab. (A) | Q9: k | R9: U_stab. (A) | T9: U_stab. 100 s (A) | V9: N° de pts | W9: =COUNTA($C9:$L9) -> 9 | Y9: t_médio | Z9: =AVERAGE($C8:$L8) -> 31.05 | AA9: min
B10: y (inic. e fim) | C10: =0.0046*C$8+0.6532 -> 0.66907 | L10: =0.0046*65.55+0.6532 -> 0.95473 | M10: (em nA) | O10: =IF($S$8="Max-Min",MAX($C$9:$L$9)-MIN($C$9:$L$9),$L10-$C10)/10^9 -> 6.5651e-10 | P10: =ABS(O10)/SQRT($P$13) -> 1.8951811e-10 | Q10: =ROUNDDOWN(TINV(1-0.95,COUNTA($C$3:$L$3)-1),2) -> 2.3 | R10: =Q10*P10 -> 4.3589166e-10 | T10: =SQRT(SUMSQ($R10,$W12)) -> 4.3589166e-10 | V10: k_95 % | W10: =ROUND(_xlfn.T.INV((1+0.95)/2,($W9-2)),2) -> 2.36 | Y10: S_xx | Z10: =SQRT(DEVSQ($C8:$L8)) -> 53.44717 | AF10: 3
B11: y (inic. e +60 min) | C11: =0.0046*C$8+0.6532 -> 0.66907 | L11: =0.0046*(60+C$8)+0.6532 -> 0.94507 | M11: (em nA) | O11: =IF($S$8="Max-Min",MAX($C$9:$L$9)-MIN($C$9:$L$9),$L11-$C11)/10^9 -> 6.5651e-10 | P11: =ABS(O11)/SQRT($P$13) -> 1.8951811e-10 | Q11: =ROUNDDOWN(TINV(1-0.95,COUNTA($C$3:$L$3)-1),2) -> 2.3 | R11: =Q11*P11 -> 4.3589166e-10 | V11: D.P. | W11: =STEYX($C9:$L9,$C8:$L8)/10^9 -> 2.04415e-10 | X11: (em A) | AF11: 6
V12: U | W12: =IF($S8="Max-Min",0,IF($AB12="N",0,$W10*$W11/$Z10)) -> 0 | X12: (em A) | AA12: Usar incerteza da regressão? | AB12: N | AF12: 12
O13: Divisor | P13: 12 | U13: [3 = retangular; 6 = triangular; 12 = retangular assimétrica (GUM 4.3.8)]
E37: R | F37: =PEARSON(C3:L3,C2:L2) -> 0.92316426 | P37: R | Q37: =PEARSON(C9:L9,C8:L8) -> 0.41114672
B39: Chauvenet (outliers) - 20 s | O39: Chauvenet (outliers) - 100 s
B40: t (min) | C40: 3.45 | D40: 10.35 | E40: 17.25 | F40: 24.15 | G40: 31.05 | H40: 37.95 | I40: 44.85 | J40: 51.75 | K40: 58.65 | L40: 65.55 | O40: t (min) | P40: 3.45 | Q40: 10.35 | R40: 17.25 | S40: 24.15 | T40: 31.05 | U40: 37.95 | V40: 44.85 | W40: 51.75 | X40: 58.65 | Y40: 65.55
B41: =B3 -> Desvio de Allan (I_1 = 1 mA, tau = 20 s) | C41: ='Estabilidade 1 mA s descarte'!C43 -> 1.2994 | D41: ='Estabilidade 1 mA s descarte'!D43 -> 1.5152 | E41: ='Estabilidade 1 mA s descarte'!E43 -> 1.3506 | F41: ='Estabilidade 1 mA s descarte'!F43 -> 1.3574 | G41: ='Estabilidade 1 mA s descarte'!G43 -> 1.4645 | H41: ='Estabilidade 1 mA s descarte'!H43 -> 1.8406 | I41: ='Estabilidade 1 mA s descarte'!I43 -> 2.7906 | J41: ='Estabilidade 1 mA s descarte'!J43 -> 1.8714 | ... L41: ='Estabilidade 1 mA s descarte'!L43 -> 2.1204 | M41: (em nA) | O41: =B9 -> Desvio de Allan (I_1 = 1 mA, tau = 99 s) | P41: ='Estabilidade 1 mA s descarte'!P43 -> 0.80539 | Q41: ='Estabilidade 1 mA s descarte'!Q43 -> 0.62701 | R41: ='Estabilidade 1 mA s descarte'!R43 -> 0.6278 | S41: ='Estabilidade 1 mA s descarte'!S43 -> 0.84714 | T41: ='Estabilidade 1 mA s descarte'!T43 -> 0.48719 | U41: ='Estabilidade 1 mA s descarte'!U43 -> 1.1437 | V41: ='Estabilidade 1 mA s descarte'!V43 -> 0.72581 | W41: ='Estabilidade 1 mA s descarte'!W43 -> 1.0609 | ... Y41: ='Estabilidade 1 mA s descarte'!Y43 -> 1.7516 | Z41: (em nA)
B42: Decisão | C42: ='Estabilidade 1 mA s descarte'!C45 | D42: ='Estabilidade 1 mA s descarte'!D45 | E42: ='Estabilidade 1 mA s descarte'!E45 | F42: ='Estabilidade 1 mA s descarte'!F45 | G42: ='Estabilidade 1 mA s descarte'!G45 | H42: ='Estabilidade 1 mA s descarte'!H45 | I42: ='Estabilidade 1 mA s descarte'!I45 -> outlier | J42: ='Estabilidade 1 mA s descarte'!J45 | ... L42: ='Estabilidade 1 mA s descarte'!L45 | O42: Decisão | P42: ='Estabilidade 1 mA s descarte'!P45 | Q42: ='Estabilidade 1 mA s descarte'!Q45 | R42: ='Estabilidade 1 mA s descarte'!R45 | S42: ='Estabilidade 1 mA s descarte'!S45 | T42: ='Estabilidade 1 mA s descarte'!T45 | U42: ='Estabilidade 1 mA s descarte'!U45 | V42: ='Estabilidade 1 mA s descarte'!V45 | W42: ='Estabilidade 1 mA s descarte'!W45 | ... Y42: ='Estabilidade 1 mA s descarte'!Y45 -> outlier

Sheet Estabilidade 300 uA
B2: t (min) | C2: =207/60 -> 3.45 | D2: =C2+414/60 -> 10.35 | E2: =D2+414/60 -> 17.25 | F2: =E2+414/60 -> 24.15 | H2: =F2+828/60 -> 37.95 | I2: =H2+414/60 -> 44.85 | J2: =I2+414/60 -> 51.75 | K2: =J2+414/60 -> 58.65 | L2: =K2+414/60 -> 65.55 | P2: (I_1 = 300 uA, tau = 20 s) | R2: Método --> | S2: Max-Min | V2: Parâmetros da regressão linear | AF2: S
B3: Desvio de Allan (I_1 = 300 uA, tau = 20 s) | C3: ='300 uA'!B21*10^9 -> 0.86826 | D3: ='300 uA'!C21*10^9 -> 1.5248 | E3: ='300 uA'!D21*10^9 -> 0.69863 | F3: ='300 uA'!E21*10^9 -> 0.78646 | H3: ='300 uA'!G21*10^9 -> 1.1187 | I3: ='300 uA'!H21*10^9 -> 1.1547 | J3: ='300 uA'!I21*10^9 -> 0.96629 | K3: ='300 uA'!J21*10^9 -> 0.88752 | L3: ='300 uA'!K21*10^9 -> 1.3307 | M3: (em nA) | O3: Delta (A) | P3: u_stab. (A) | Q3: k | R3: U_stab. (A) | T3: U_stab. 20 s (A) | V3: N° de pts | W3: =COUNTA($C3:$L3) -> 9 | Y3: t_médio | Z3: =AVERAGE($C2:$L2) -> 34.883333 | AA3: min | AF3: N
B4: y (inic. e fim) | C4: =0.002*C$2+0.9689 -> 0.9758 | L4: =0.002*L$2+0.9689 -> 1.1 | M4: (em nA) | O4: =IF($S$2="Max-Min",MAX($C$3:$L$3)-MIN($C$3:$L$3),$L4-$C4)/10^9 -> 8.2617e-10 | P4: =ABS(O4)/SQRT($P$13) -> 2.3849474e-10 | Q4: =ROUNDDOWN(TINV(1-0.95,COUNTA($C$3:$L$3)-1),2) -> 2.3 | R4: =Q4*P4 -> 5.4853789e-10 | T4: =SQRT(SUMSQ($R4,$W6)) -> 5.4853789e-10 | V4: k_95 % | W4: =ROUND(_xlfn.T.INV((1+0.95)/2,($W3-2)),2) -> 2.36 | Y4: S_xx | Z4: =SQRT(DEVSQ($C2:$L2)) -> 62.566764
B5: y (inic. e +60 min) | C5: =0.002*C$2+0.9689 -> 0.9758 | L5: =0.002*(60+C$2)+0.9689 -> 1.0958 | M5: (em nA) | O5: =IF($S$2="Max-Min",MAX($C$3:$L$3)-MIN($C$3:$L$3),$L5-$C5)/10^9 -> 8.2617e-10 | P5: =ABS(O5)/SQRT($P$13) -> 2.3849474e-10 | Q5: =ROUNDDOWN(TINV(1-0.95,COUNTA($C$3:$L$3)-1),2) -> 2.3 | R5: =Q5*P5 -> 5.4853789e-10 | V5: D.P. | W5: =STEYX($C3:$L3,$C2:$L2)/10^9 -> 2.8353883e-10 | X5: (em A) | AF5: Regressão linear
V6: U | W6: =IF($S2="Max-Min",0,IF($AB6="N",0,$W4*$W5/$Z4)) -> 0 | X6: (em A) | AA6: Usar incerteza da regressão? | AB6: N | AF6: Max-Min
B8: t (min) | C8: =207/60 -> 3.45 | E8: =C8+828/60 -> 17.25 | F8: =E8+414/60 -> 24.15 | H8: =F8+828/60 -> 37.95 | I8: =H8+414/60 -> 44.85 | J8: =I8+414/60 -> 51.75 | K8: =J8+414/60 -> 58.65 | L8: =K8+414/60 -> 65.55 | P8: (I_1 = 300 uA, tau = 99 s) | R8: Método --> | S8: Max-Min
B9: Desvio de Allan (I_1 = 300 uA, tau = 99 s) | C9: ='300 uA'!B86*10^9 -> 0.45378 | E9: ='300 uA'!D86*10^9 -> 0.45236 | F9: ='300 uA'!E86*10^9 -> 0.63966 | H9: ='300 uA'!G86*10^9 -> 0.47693 | I9: ='300 uA'!H86*10^9 -> 0.3167 | J9: ='300 uA'!I86*10^9 -> 0.43179 | K9: ='300 uA'!J86*10^9 -> 0.42267 | L9: ='300 uA'!K86*10^9 -> 0.34642 | M9: (em nA) | O9: Delta (A) | P9: u_stab. (A) | Q9: k | R9: U_stab. (A) | T9: U_stab. 100 s (A) | V9: N° de pts | W9: =COUNTA($C9:$L9) -> 8 | Y9: t_médio | Z9: =AVERAGE($C8:$L8) -> 37.95 | AA9: min
B10: y (inic. e fim) | C10: =-0.0023*C$8+0.5292 -> 0.521265 | L10: =-0.0023*L$8+0.5292 -> 0.378435 | M10: (em nA) | O10: =IF($S$8="Max-Min",MAX($C$9:$L$9)-MIN($C$9:$L$9),$L10-$C10)/10^9 -> 3.2296e-10 | P10: =ABS(O10)/SQRT($P$13) -> 9.3230521e-11 | Q10: =ROUNDDOWN(TINV(1-0.95,COUNTA($C$9:$L$9)-1),2) -> 2.36 | R10: =Q10*P10 -> 2.2002403e-10 | T10: =SQRT(SUMSQ($R10,$W12)) -> 2.2002403e-10 | V10: k_95 % | W10: =ROUND(_xlfn.T.INV((1+0.95)/2,($W9-2)),2) -> 2.45 | Y10: S_xx | Z10: =SQRT(DEVSQ($C8:$L8)) -> 56.898858 | AF10: 3
B11: y (inic. e +60 min) | C11: =-0.0023*C$8+0.5292 -> 0.521265 | L11: =-0.0023*(60+C$8)+0.5292 -> 0.383265 | M11: (em nA) | O11: =IF($S$8="Max-Min",MAX($C$9:$L$9)-MIN($C$9:$L$9),$L11-$C11)/10^9 -> 3.2296e-10 | P11: =ABS(O11)/SQRT($P$13) -> 9.3230521e-11 | Q11: =ROUNDDOWN(TINV(1-0.95,COUNTA($C$9:$L$9)-1),2) -> 2.36 | R11: =Q11*P11 -> 2.2002403e-10 | V11: D.P. | W11: =STEYX($C9:$L9,$C8:$L8)/10^9 -> 9.034031e-11 | X11: (em A) | AF11: 6
V12: U | W12: =IF($S8="Max-Min",0,IF($AB12="N",0,$W10*$W11/$Z10)) -> 0 | X12: (em A) | AA12: Usar incerteza da regressão? | AB12: N | AF12: 12
O13: Divisor | P13: 12 | U13: [3 = retangular; 6 = triangular; 12 = retangular assimétrica (GUM 4.3.8)]
E37: R | F37: =PEARSON(C3:L3,C2:L2) -> 0.16142998 | P37: R | Q37: =PEARSON(C9:L9,C8:L8) -> -0.50629218
B39: Chauvenet (outliers) - 20 s | O39: Chauvenet (outliers) - 100 s
B40: t (min) | C40: 3.45 | D40: 10.35 | E40: 17.25 | F40: 24.15 | G40: 31.05 | H40: 37.95 | I40: 44.85 | J40: 51.75 | K40: 58.65 | L40: 65.55 | O40: t (min) | P40: 3.45 | Q40: 10.35 | R40: 17.25 | S40: 24.15 | T40: 31.05 | U40: 37.95 | V40: 44.85 | W40: 51.75 | X40: 58.65 | Y40: 65.55
B41: =B3 -> Desvio de Allan (I_1 = 300 uA, tau = 20 s) | C41: ='Estabilidade 300 uA s descarte'!C43 -> 0.86826 | D41: ='Estabilidade 300 uA s descarte'!D43 -> 1.5248 | E41: ='Estabilidade 300 uA s descarte'!E43 -> 0.69863 | F41: ='Estabilidade 300 uA s descarte'!F43 -> 0.78646 | G41: ='Estabilidade 300 uA s descarte'!G43 -> 2.5337 | H41: ='Estabilidade 300 uA s descarte'!H43 -> 1.1187 | I41: ='Estabilidade 300 uA s descarte'!I43 -> 1.1547 | J41: ='Estabilidade 300 uA s descarte'!J43 -> 0.96629 | ... L41: ='Estabilidade 300 uA s descarte'!L43 -> 1.3307 | M41: (em nA) | O41: =B9 -> Desvio de Allan (I_1 = 300 uA, tau = 99 s) | P41: ='Estabilidade 300 uA s descarte'!P43 -> 0.45378 | Q41: ='Estabilidade 300 uA s descarte'!Q43 -> 0.98033 | R41: ='Estabilidade 300 uA s descarte'!R43 -> 0.45236 | S41: ='Estabilidade 300 uA s descarte'!S43 -> 0.63966 | T41: ='Estabilidade 300 uA s descarte'!T43 -> 1.6984 | U41: ='Estabilidade 300 uA s descarte'!U43 -> 0.47693 | V41: ='Estabilidade 300 uA s descarte'!V43 -> 0.3167 | W41: ='Estabilidade 300 uA s descarte'!W43 -> 0.43179 | ... Y41: ='Estabilidade 300 uA s descarte'!Y43 -> 0.34642 | Z41: (em nA)
B42: Decisão | C42: ='Estabilidade 300 uA s descarte'!C45 | D42: ='Estabilidade 300 uA s descarte'!D45 | E42: ='Estabilidade 300 uA s descarte'!E45 | F42: ='Estabilidade 300 uA s descarte'!F45 | G42: ='Estabilidade 300 uA s descarte'!G45 -> outlier | H42: ='Estabilidade 300 uA s descarte'!H45 | I42: ='Estabilidade 300 uA s descarte'!I45 | J42: ='Estabilidade 300 uA s descarte'!J45 | ... L42: ='Estabilidade 300 uA s descarte'!L45 | O42: Decisão | P42: ='Estabilidade 300 uA s descarte'!P45 | Q42: outlier | R42: ='Estabilidade 300 uA s descarte'!R45 | S42: ='Estabilidade 300 uA s descarte'!S45 | T42: ='Estabilidade 300 uA s descarte'!T45 -> outlier | U42: ='Estabilidade 300 uA s descarte'!U45 | V42: ='Estabilidade 300 uA s descarte'!V45 | W42: ='Estabilidade 300 uA s descarte'!W45 | X42: ='Estabilidade 300 uA s descarte'!X45 | Y42: ='Estabilidade 300 uA s descarte'!Y45

Sheet Estabilidade 10 mA s descarte
B2: t (min) | C2: =207/60 -> 3.45 | D2: =C2+414/60 -> 10.35 | E2: =D2+414/60 -> 17.25 | F2: =E2+414/60 -> 24.15 | G2: =F2+414/60 -> 31.05 | H2: =G2+414/60 -> 37.95 | I2: =H2+414/60 -> 44.85 | J2: =I2+414/60 -> 51.75 | K2: =J2+414/60 -> 58.65 | L2: =K2+414/60 -> 65.55 | P2: (I_1 = 10 mA, tau = 20 s) | R2: Método --> | S2: Max-Min | V2: Parâmetros da regressão linear | AF2: S
B3: Desvio de Allan (I_1 = 10 mA, tau = 20 s) | C3: ='10 mA'!B21*10^9 -> 9.5329 | D3: ='10 mA'!C21*10^9 -> 12.513 | E3: ='10 mA'!D21*10^9 -> 22.237 | F3: ='10 mA'!E21*10^9 -> 11.891 | G3: ='10 mA'!F21*10^9 -> 15.704 | H3: ='10 mA'!G21*10^9 -> 23.483 | I3: ='10 mA'!H21*10^9 -> 10.733 | J3: ='10 mA'!I21*10^9 -> 10.78 | ... L3: ='10 mA'!K21*10^9 -> 11.152 | M3: (em nA) | O3: Delta (A) | P3: u_stab. (A) | Q3: k | R3: U_stab. (A) | T3: U_stab. 20 s (A) | V3: N° de pts | W3: =COUNTA($C3:$L3) -> 10 | Y3: t_médio | Z3: =AVERAGE($C2:$L2) -> 34.5 | AA3: min | AF3: N
B4: y (inic. e fim) | C4: =-0.013*C$2+14.847 -> 14.80215 | L4: =-0.013*L$2+14.847 -> 13.99485 | M4: (em nA) | O4: =IF($S$2="Max-Min",MAX($C$3:$L$3)-MIN($C$3:$L$3),$L4-$C4)/10^9 -> 1.39501e-08 | P4: =ABS(O4)/SQRT($P$13) -> 4.027047e-09 | Q4: =ROUNDDOWN(TINV(1-0.95,COUNTA($C$3:$L$3)-1),2) -> 2.26 | R4: =Q4*P4 -> 9.1011262e-09 | T4: =SQRT(SUMSQ($R4,$W6)) -> 9.1011262e-09 | V4: k_95 % | W4: =ROUND(_xlfn.T.INV((1+0.95)/2,($W3-2)),2) -> 2.31 | Y4: S_xx | Z4: =SQRT(DEVSQ($C2:$L2)) -> 62.672362
B5: y (inic. e +60 min) | C5: =-0.013*C$2+14.847 -> 14.80215 | L5: =-0.013*(60+C$2)+14.847 -> 14.02215 | M5: (em nA) | O5: =IF($S$2="Max-Min",MAX($C$3:$L$3)-MIN($C$3:$L$3),$L5-$C5)/10^9 -> 1.39501e-08 | P5: =ABS(O5)/SQRT($P$13) -> 4.027047e-09 | Q5: =ROUNDDOWN(TINV(1-0.95,COUNTA($C$3:$L$3)-1),2) -> 2.26 | R5: =Q5*P5 -> 9.1011262e-09 | V5: D.P. | W5: =STEYX($C3:$L3,$C2:$L2)/10^9 -> 5.2148774e-09 | X5: (em A) | AF5: Regressão linear
V6: U | W6: =IF($S2="Max-Min",0,IF($AB6="N",0,$W4*$W5/$Z4)) -> 0 | X6: (em A) | AA6: Usar incerteza da regressão? | AB6: N | AF6: Max-Min
B8: t (min) | C8: =207/60 -> 3.45 | D8: =C8+414/60 -> 10.35 | E8: =D8+414/60 -> 17.25 | F8: =E8+414/60 -> 24.15 | G8: =F8+414/60 -> 31.05 | H8: =G8+414/60 -> 37.95 | I8: =H8+414/60 -> 44.85 | J8: =I8+414/60 -> 51.75 | K8: =J8+414/60 -> 58.65 | L8: =K8+414/60 -> 65.55 | P8: (I_1 = 10 mA, tau = 99 s) | R8: Método --> | S8: Max-Min
B9: Desvio de Allan (I_1 = 10 mA, tau = 99 s) | C9: ='10 mA'!B86*10^9 -> 6.4101 | D9: ='10 mA'!C86*10^9 -> 15.483 | E9: ='10 mA'!D86*10^9 -> 24.292 | F9: ='10 mA'!E86*10^9 -> 18.517 | G9: ='10 mA'!F86*10^9 -> 17.818 | H9: ='10 mA'!G86*10^9 -> 27.952 | I9: ='10 mA'!H86*10^9 -> 22.262 | J9: ='10 mA'!I86*10^9 -> 18.63 | ... L9: ='10 mA'!K86*10^9 -> 20.456 | M9: (em nA) | O9: Delta (A) | P9: u_stab. (A) | Q9: k | R9: U_stab. (A) | T9: U_stab. 100 s (A) | V9: N° de pts | W9: =COUNTA($C9:$L9) -> 10 | Y9: t_médio | Z9: =AVERAGE($C8:$L8) -> 34.5 | AA9: min
B10: y (inic. e fim) | C10: =0.16*C$8+14.15 -> 14.702 | L10: =0.16*L$8+14.15 -> 24.638 | M10: (em nA) | O10: =IF($S$8="Max-Min",MAX($C$9:$L$9)-MIN($C$9:$L$9),$L10-$C10)/10^9 -> 2.15419e-08 | P10: =ABS(O10)/SQRT($P$13) -> 6.2186109e-09 | Q10: =ROUNDDOWN(TINV(1-0.95,COUNTA($C$9:$L$9)-1),2) -> 2.26 | R10: =Q10*P10 -> 1.4054061e-08 | T10: =SQRT(SUMSQ($R10,$W12)) -> 1.4054061e-08 | V10: k_95 % | W10: =ROUND(_xlfn.T.INV((1+0.95)/2,($W9-2)),2) -> 2.31 | Y10: S_xx | Z10: =SQRT(DEVSQ($C8:$L8)) -> 62.672362 | AF10: 3
B11: y (inic. e +60 min) | C11: =0.16*C$8+14.15 -> 14.702 | L11: =0.16*(C$8+60)+14.15 -> 24.302 | M11: (em nA) | O11: =IF($S$8="Max-Min",MAX($C$9:$L$9)-MIN($C$9:$L$9),$L11-$C11)/10^9 -> 2.15419e-08 | P11: =ABS(O11)/SQRT($P$13) -> 6.2186109e-09 | Q11: =ROUNDDOWN(TINV(1-0.95,COUNTA($C$9:$L$9)-1),2) -> 2.26 | R11: =Q11*P11 -> 1.4054061e-08 | V11: D.P. | W11: =STEYX($C9:$L9,$C8:$L8)/10^9 -> 5.220003e-09 | X11: (em A) | AF11: 6
V12: U | W12: =IF($S8="Max-Min",0,IF($AB12="N",0,$W10*$W11/$Z10)) -> 0 | X12: (em A) | AA12: Usar incerteza da regressão? | AB12: N | AF12: 12
O13: Divisor | P13: 12 | U13: [3 = retangular; 6 = triangular; 12 = retangular assimétrica (GUM 4.3.8)]
E37: R | F37: =PEARSON(C3:L3,C2:L2) -> -0.056960444 | P37: R | Q37: =PEARSON(C9:L9,C8:L8) -> 0.55556774
B39: Chauvenet (outliers) - 20 s | O39: Chauvenet (outliers) - 100 s
B40: n | C40: 10 | O40: n | P40: 10
B41: Critério | C41: =ABS(_xlfn.NORM.S.INV(1/(4*C40))) -> 1.959964 | O41: Critério | P41: =ABS(_xlfn.NORM.S.INV(1/(4*P40))) -> 1.959964
B42: t (min) | C42: 3.45 | D42: 10.35 | E42: 17.25 | F42: 24.15 | G42: 31.05 | H42: 37.95 | I42: 44.85 | J42: 51.75 | K42: 58.65 | L42: 65.55 | O42: t (min) | P42: 3.45 | Q42: 10.35 | R42: 17.25 | S42: 24.15 | T42: 31.05 | U42: 37.95 | V42: 44.85 | W42: 51.75 | X42: 58.65 | Y42: 65.55
B43: =B3 -> Desvio de Allan (I_1 = 10 mA, tau = 20 s) | C43: =C3 -> 9.5329 | D43: =D3 -> 12.513 | E43: =E3 -> 22.237 | F43: =F3 -> 11.891 | G43: =G3 -> 15.704 | H43: =H3 -> 23.483 | I43: =I3 -> 10.733 | ... L43: =L3 -> 11.152 | M43: (em nA) | O43: =B9 -> Desvio de Allan (I_1 = 10 mA, tau = 99 s) | P43: =C9 -> 6.4101 | Q43: =D9 -> 15.483 | R43: =E9 -> 24.292 | S43: =F9 -> 18.517 | T43: =G9 -> 17.818 | U43: =H9 -> 27.952 | V43: =I9 -> 22.262 | ... Y43: =L9 -> 20.456 | Z43: (em nA)
B44: Estatística | C44: =ABS((C43-(AVERAGE($C$3:$L$3)))/(STDEVA($C$3:$L$3))) -> 0.98510771 | D44: =ABS((D43-(AVERAGE($C$3:$L$3)))/(STDEVA($C$3:$L$3))) -> 0.37996568 | E44: =ABS((E43-(AVERAGE($C$3:$L$3)))/(STDEVA($C$3:$L$3))) -> 1.5945993 | F44: =ABS((F43-(AVERAGE($C$3:$L$3)))/(STDEVA($C$3:$L$3))) -> 0.50626961 | G44: =ABS((G43-(AVERAGE($C$3:$L$3)))/(STDEVA($C$3:$L$3))) -> 0.26800192 | H44: =ABS((H43-(AVERAGE($C$3:$L$3)))/(STDEVA($C$3:$L$3))) -> 1.8476133 | I44: =ABS((I43-(AVERAGE($C$3:$L$3)))/(STDEVA($C$3:$L$3))) -> 0.74141423 | J44: =ABS((J43-(AVERAGE($C$3:$L$3)))/(STDEVA($C$3:$L$3))) -> 0.73187036 | ... L44: =ABS((L43-(AVERAGE($C$3:$L$3)))/(STDEVA($C$3:$L$3))) -> 0.65633168 | O44: Estatística | P44: =ABS((P43-(AVERAGE($C$9:$L$9)))/(STDEVA($C$9:$L$9))) -> 2.2256536 | Q44: =ABS((Q43-(AVERAGE($C$9:$L$9)))/(STDEVA($C$9:$L$9))) -> 0.69280629 | R44: =ABS((R43-(AVERAGE($C$9:$L$9)))/(STDEVA($C$9:$L$9))) -> 0.79545564 | S44: =ABS((S43-(AVERAGE($C$9:$L$9)))/(STDEVA($C$9:$L$9))) -> 0.1802184 | T44: =ABS((T43-(AVERAGE($C$9:$L$9)))/(STDEVA($C$9:$L$9))) -> 0.29831297 | U44: =ABS((U43-(AVERAGE($C$9:$L$9)))/(STDEVA($C$9:$L$9))) -> 1.4138049 | V44: =ABS((V43-(AVERAGE($C$9:$L$9)))/(STDEVA($C$9:$L$9))) -> 0.45249143 | W44: =ABS((W43-(AVERAGE($C$9:$L$9)))/(STDEVA($C$9:$L$9))) -> 0.16112729 | ... Y44: =ABS((Y43-(AVERAGE($C$9:$L$9)))/(STDEVA($C$9:$L$9))) -> 0.14737155
B45: Decisão | C45: =IF(C44>$C$41,"outlier","") | D45: =IF(D44>$C$41,"outlier","") | E45: =IF(E44>$C$41,"outlier","") | F45: =IF(F44>$C$41,"outlier","") | G45: =IF(G44>$C$41,"outlier","") | H45: =IF(H44>$C$41,"outlier","") | I45: =IF(I44>$C$41,"outlier","") | J45: =IF(J44>$C$41,"outlier","") | ... L45: =IF(L44>$C$41,"outlier","") | O45: Decisão | P45: =IF(P44>$P$41,"outlier","") -> outlier | Q45: =IF(Q44>$P$41,"outlier","") | R45: =IF(R44>$P$41,"outlier","") | S45: =IF(S44>$P$41,"outlier","") | T45: =IF(T44>$P$41,"outlier","") | U45: =IF(U44>$P$41,"outlier","") | V45: =IF(V44>$P$41,"outlier","") | W45: =IF(W44>$P$41,"outlier","") | ... Y45: =IF(Y44>$P$41,"outlier","")
B47: Chi-quadrado | O47: Chi-quadrado
B48: Alfa | C48: 0.05 | O48: Alfa | P48: 0.05
B49: Critério | C49: =_xlfn.CHISQ.INV(1-C48, 1) -> 3.8414588 | O49: Critério | P49: =_xlfn.CHISQ.INV(1-P48, 1) -> 3.8414588
B50: Estatística | C50: =((C43-AVERAGE($C$3:$L$3))^2)/((STDEVA($C$3:$L$3))^2) -> 0.97043721 | D50: =((D43-AVERAGE($C$3:$L$3))^2)/((STDEVA($C$3:$L$3))^2) -> 0.14437392 | E50: =((E43-AVERAGE($C$3:$L$3))^2)/((STDEVA($C$3:$L$3))^2) -> 2.542747 | F50: =((F43-AVERAGE($C$3:$L$3))^2)/((STDEVA($C$3:$L$3))^2) -> 0.25630892 | G50: =((G43-AVERAGE($C$3:$L$3))^2)/((STDEVA($C$3:$L$3))^2) -> 0.071825027 | H50: =((H43-AVERAGE($C$3:$L$3))^2)/((STDEVA($C$3:$L$3))^2) -> 3.4136749 | I50: =((I43-AVERAGE($C$3:$L$3))^2)/((STDEVA($C$3:$L$3))^2) -> 0.54969506 | J50: =((J43-AVERAGE($C$3:$L$3))^2)/((STDEVA($C$3:$L$3))^2) -> 0.53563423 | ... L50: =((L43-AVERAGE($C$3:$L$3))^2)/((STDEVA($C$3:$L$3))^2) -> 0.43077127 | O50: Estatística | P50: =((P43-AVERAGE($C$9:$L$9))^2)/((STDEVA($C$9:$L$9))^2) -> 4.9535338 | Q50: =((Q43-AVERAGE($C$9:$L$9))^2)/((STDEVA($C$9:$L$9))^2) -> 0.47998055 | R50: =((R43-AVERAGE($C$9:$L$9))^2)/((STDEVA($C$9:$L$9))^2) -> 0.63274968 | S50: =((S43-AVERAGE($C$9:$L$9))^2)/((STDEVA($C$9:$L$9))^2) -> 0.032478672 | T50: =((T43-AVERAGE($C$9:$L$9))^2)/((STDEVA($C$9:$L$9))^2) -> 0.08899063 | U50: =((U43-AVERAGE($C$9:$L$9))^2)/((STDEVA($C$9:$L$9))^2) -> 1.9988443 | V50: =((V43-AVERAGE($C$9:$L$9))^2)/((STDEVA($C$9:$L$9))^2) -> 0.2047485 | W50: =((W43-AVERAGE($C$9:$L$9))^2)/((STDEVA($C$9:$L$9))^2) -> 0.025962003 | ... Y50: =((Y43-AVERAGE($C$9:$L$9))^2)/((STDEVA($C$9:$L$9))^2) -> 0.021718374
B51: Decisão | C51: =IF(C50>$C$49,"outlier","") | D51: =IF(D50>$C$49,"outlier","") | E51: =IF(E50>$C$49,"outlier","") | F51: =IF(F50>$C$49,"outlier","") | G51: =IF(G50>$C$49,"outlier","") | H51: =IF(H50>$C$49,"outlier","") | I51: =IF(I50>$C$49,"outlier","") | J51: =IF(J50>$C$49,"outlier","") | ... L51: =IF(L50>$C$49,"outlier","") | O51: Decisão | P51: =IF(P50>$P$49,"outlier","") -> outlier | Q51: =IF(Q50>$P$49,"outlier","") | R51: =IF(R50>$P$49,"outlier","") | S51: =IF(S50>$P$49,"outlier","") | T51: =IF(T50>$P$49,"outlier","") | U51: =IF(U50>$P$49,"outlier","") | V51: =IF(V50>$P$49,"outlier","") | W51: =IF(W50>$P$49,"outlier","") | ... Y51: =IF(Y50>$P$49,"outlier","")
B52: p-valor | C52: =1-_xlfn.CHISQ.DIST(C50, 1, TRUE) -> 0.32457116 | D52: =1-_xlfn.CHISQ.DIST(D50, 1, TRUE) -> 0.70397089 | E52: =1-_xlfn.CHISQ.DIST(E50, 1, TRUE) -> 0.11080187 | F52: =1-_xlfn.CHISQ.DIST(F50, 1, TRUE) -> 0.61266739 | G52: =1-_xlfn.CHISQ.DIST(G50, 1, TRUE) -> 0.78869784 | H52: =1-_xlfn.CHISQ.DIST(H50, 1, TRUE) -> 0.064658305 | I52: =1-_xlfn.CHISQ.DIST(I50, 1, TRUE) -> 0.45844232 | J52: =1-_xlfn.CHISQ.DIST(J50, 1, TRUE) -> 0.4642477 | ... L52: =1-_xlfn.CHISQ.DIST(L50, 1, TRUE) -> 0.51161074 | O52: p-valor | P52: =1-_xlfn.CHISQ.DIST(P50, 1, TRUE) -> 0.026037395 | Q52: =1-_xlfn.CHISQ.DIST(Q50, 1, TRUE) -> 0.48843113 | R52: =1-_xlfn.CHISQ.DIST(R50, 1, TRUE) -> 0.4263485 | S52: =1-_xlfn.CHISQ.DIST(S50, 1, TRUE) -> 0.85698111 | T52: =1-_xlfn.CHISQ.DIST(T50, 1, TRUE) -> 0.7654643 | U52: =1-_xlfn.CHISQ.DIST(U50, 1, TRUE) -> 0.15741919 | V52: =1-_xlfn.CHISQ.DIST(V50, 1, TRUE) -> 0.65091499 | W52: =1-_xlfn.CHISQ.DIST(W50, 1, TRUE) -> 0.87199315 | ... Y52: =1-_xlfn.CHISQ.DIST(Y50, 1, TRUE) -> 0.88283876
B54: Dixon | O54: Dixon
B55: Q = 0.088889, p-value = 0.6699 | F55: Q = 0.086022, p-value = 0.6796 | O55: Q = 0.16992, p-value = 0.4214 | S55: Q = 0.42108, p-value = 0.04474
B56: alternative hypothesis: highest value 23.48 is an outlier | F56: alternative hypothesis: lowest value 9.53 is an outlier | O56: alternative hypothesis: highest value 27.95 is an outlier | S56: alternative hypothesis: lowest value 6.41 is an outlier
B58: Suposição de normalidade (Shapiro-Wilk) | O58: Suposição de normalidade (Shapiro-Wilk)
B59: W = 0.82898, p-value = 0.03253 | O59: W = 0.92933, p-value = 0.4413
E60: para
B61: z-score modificado (MAD) | C61: numeric(0) | E61: pnorm(4)
C62: [1] 23.48 | E62: pnorm(3,5)
C63: [1] 22.24 23.48 | E63: pnorm(3)

Sheet Estabilidade 1 mA s descarte
B2: t (min) | C2: =207/60 -> 3.45 | D2: =C2+414/60 -> 10.35 | E2: =D2+414/60 -> 17.25 | F2: =E2+414/60 -> 24.15 | G2: =F2+414/60 -> 31.05 | H2: =G2+414/60 -> 37.95 | I2: =H2+414/60 -> 44.85 | J2: =I2+414/60 -> 51.75 | K2: =J2+414/60 -> 58.65 | L2: =K2+414/60 -> 65.55 | P2: (I_1 = 1 mA, tau = 20 s) | R2: Método --> | S2: Max-Min | V2: Parâmetros da regressão linear | AF2: S
B3: Desvio de Allan (I_1 = 1 mA, tau = 20 s) | C3: ='1 mA'!B21*10^9 -> 1.2994 | D3: ='1 mA'!C21*10^9 -> 1.5152 | E3: ='1 mA'!D21*10^9 -> 1.3506 | F3: ='1 mA'!E21*10^9 -> 1.3574 | G3: ='1 mA'!F21*10^9 -> 1.4645 | H3: ='1 mA'!G21*10^9 -> 1.8406 | I3: ='1 mA'!H21*10^9 -> 2.7906 | J3: ='1 mA'!I21*10^9 -> 1.8714 | ... L3: ='1 mA'!K21*10^9 -> 2.1204 | M3: (em nA) | O3: Delta (A) | P3: u_stab. (A) | Q3: k | R3: U_stab. (A) | T3: U_stab. 20 s (A) | V3: N° de pts | W3: =COUNTA($C3:$L3) -> 10 | Y3: t_médio | Z3: =AVERAGE($C2:$L2) -> 34.5 | AA3: min | AF3: N
B4: y (inic. e fim) | C4: =0.017*C$2+1.196 -> 1.25465 | L4: =0.017*L$2+1.196 -> 2.31035 | M4: (em nA) | O4: =IF($S$2="Max-Min",MAX($C$3:$L$3)-MIN($C$3:$L$3),$L4-$C4)/10^9 -> 1.4912e-09 | P4: =ABS(O4)/SQRT($P$13) -> 4.3047236e-10 | Q4: =ROUNDDOWN(TINV(1-0.95,COUNTA($C$3:$L$3)-1),2) -> 2.26 | R4: =Q4*P4 -> 9.7286754e-10 | T4: =SQRT(SUMSQ($R4,$W6)) -> 9.7286754e-10 | V4: k_95 % | W4: =ROUND(_xlfn.T.INV((1+0.95)/2,($W3-2)),2) -> 2.31 | Y4: S_xx | Z4: =SQRT(DEVSQ($C2:$L2)) -> 62.672362
B5: y (inic. e +60 min) | C5: =0.017*C$2+1.196 -> 1.25465 | L5: =0.017*(60+$C2)+1.196 -> 2.27465 | M5: (em nA) | O5: =IF($S$2="Max-Min",MAX($C$3:$L$3)-MIN($C$3:$L$3),$L5-$C5)/10^9 -> 1.4912e-09 | P5: =ABS(O5)/SQRT($P$13) -> 4.3047236e-10 | Q5: =ROUNDDOWN(TINV(1-0.95,COUNTA($C$3:$L$3)-1),2) -> 2.26 | R5: =Q5*P5 -> 9.7286754e-10 | V5: D.P. | W5: =STEYX($C3:$L3,$C2:$L2)/10^9 -> 3.4315349e-10 | X5: (em A) | AF5: Regressão linear
V6: U | W6: =IF($S2="Max-Min",0,IF($AB6="N",0,$W4*$W5/$Z4)) -> 0 | X6: (em A) | AA6: Usar incerteza da regressão? | AB6: N | AF6: Max-Min
B8: t (min) | C8: =207/60 -> 3.45 | D8: =C8+414/60 -> 10.35 | E8: =D8+414/60 -> 17.25 | F8: =E8+414/60 -> 24.15 | G8: =F8+414/60 -> 31.05 | H8: =G8+414/60 -> 37.95 | I8: =H8+414/60 -> 44.85 | J8: =I8+414/60 -> 51.75 | K8: =J8+414/60 -> 58.65 | L8: =K8+414/60 -> 65.55 | P8: (I_1 = 1 mA, tau = 99 s) | R8: Método --> | S8: Max-Min
B9: Desvio de Allan (I_1 = 1 mA, tau = 99 s) | C9: ='1 mA'!B86*10^9 -> 0.80539 | D9: ='1 mA'!C86*10^9 -> 0.62701 | E9: ='1 mA'!D86*10^9 -> 0.6278 | F9: ='1 mA'!E86*10^9 -> 0.84714 | G9: ='1 mA'!F86*10^9 -> 0.48719 | H9: ='1 mA'!G86*10^9 -> 1.1437 | I9: ='1 mA'!H86*10^9 -> 0.72581 | J9: ='1 mA'!I86*10^9 -> 1.0609 | ... L9: ='1 mA'!K86*10^9 -> 1.7516 | M9: (em nA) | O9: Delta (A) | P9: u_stab. (A) | Q9: k | R9: U_stab. (A) | T9: U_stab. 100 s (A) | V9: N° de pts | W9: =COUNTA($C9:$L9) -> 10 | Y9: t_médio | Z9: =AVERAGE($C8:$L8) -> 34.5 | AA9: min
B10: y (inic. e fim) | C10: =0.011*C$8+0.515 -> 0.55295 | L10: =0.011*L$8+0.515 -> 1.23605 | M10: (em nA) | O10: =IF($S$8="Max-Min",MAX($C$9:$L$9)-MIN($C$9:$L$9),$L10-$C10)/10^9 -> 1.26441e-09 | P10: =ABS(O10)/SQRT($P$13) -> 3.6500373e-10 | Q10: =ROUNDDOWN(TINV(1-0.95,COUNTA($C$9:$L$9)-1),2) -> 2.26 | R10: =Q10*P10 -> 8.2490842e-10 | T10: =SQRT(SUMSQ($R10,$W12)) -> 8.2490842e-10 | V10: k_95 % | W10: =ROUND(_xlfn.T.INV((1+0.95)/2,($W9-2)),2) -> 2.31 | Y10: S_xx | Z10: =SQRT(DEVSQ($C8:$L8)) -> 62.672362 | AF10: 3
B11: y (inic. e +60 min) | C11: =0.011*C$8+0.515 -> 0.55295 | L11: =0.011*(60+C$8)+0.515 -> 1.21295 | M11: (em nA) | O11: =IF($S$8="Max-Min",MAX($C$9:$L$9)-MIN($C$9:$L$9),$L11-$C11)/10^9 -> 1.26441e-09 | P11: =ABS(O11)/SQRT($P$13) -> 3.6500373e-10 | Q11: =ROUNDDOWN(TINV(1-0.95,COUNTA($C$9:$L$9)-1),2) -> 2.26 | R11: =Q11*P11 -> 8.2490842e-10 | V11: D.P. | W11: =STEYX($C9:$L9,$C8:$L8)/10^9 -> 2.9803732e-10 | X11: (em A) | AF11: 6
V12: U | W12: =IF($S8="Max-Min",0,IF($AB12="N",0,$W10*$W11/$Z10)) -> 0 | X12: (em A) | AA12: Usar incerteza da regressão? | AB12: N | AF12: 12
O13: Divisor | P13: 12 | U13: [3 = retangular; 6 = triangular; 12 = retangular assimétrica (GUM 4.3.8)]
E37: R | F37: =PEARSON(C3:L3,C2:L2) -> 0.73641236 | P37: R | Q37: =PEARSON(C9:L9,C8:L8) -> 0.62897278
B39: Chauvenet (outliers) - 20 s | O39: Chauvenet (outliers) - 100 s
B40: n | C40: 10 | O40: n | P40: 10
B41: Critério | C41: =ABS(_xlfn.NORM.S.INV(1/(4*C40))) -> 1.959964 | O41: Critério | P41: =ABS(_xlfn.NORM.S.INV(1/(4*P40))) -> 1.959964
B42: t (min) | C42: 3.45 | D42: 10.35 | E42: 17.25 | F42: 24.15 | G42: 31.05 | H42: 37.95 | I42: 44.85 | J42: 51.75 | K42: 58.65 | L42: 65.55 | O42: t (min) | P42: 3.45 | Q42: 10.35 | R42: 17.25 | S42: 24.15 | T42: 31.05 | U42: 37.95 | V42: 44.85 | W42: 51.75 | X42: 58.65 | Y42: 65.55
B43: =B3 -> Desvio de Allan (I_1 = 1 mA, tau = 20 s) | C43: =C3 -> 1.2994 | D43: =D3 -> 1.5152 | E43: =E3 -> 1.3506 | F43: =F3 -> 1.3574 | G43: =G3 -> 1.4645 | H43: =H3 -> 1.8406 | I43: =I3 -> 2.7906 | ... L43: =L3 -> 2.1204 | M43: (em nA) | O43: =B9 -> Desvio de Allan (I_1 = 1 mA, tau = 99 s) | P43: =C9 -> 0.80539 | Q43: =D9 -> 0.62701 | R43: =E9 -> 0.6278 | S43: =F9 -> 0.84714 | T43: =G9 -> 0.48719 | U43: =H9 -> 1.1437 | V43: =I9 -> 0.72581 | ... Y43: =L9 -> 1.7516 | Z43: (em nA)
B44: Estatística | C44: =ABS((C43-(AVERAGE($C$3:$L$3)))/(STDEVA($C$3:$L$3))) -> 0.99902762 | D44: =ABS((D43-(AVERAGE($C$3:$L$3)))/(STDEVA($C$3:$L$3))) -> 0.54776616 | E44: =ABS((E43-(AVERAGE($C$3:$L$3)))/(STDEVA($C$3:$L$3))) -> 0.89196281 | F44: =ABS((F43-(AVERAGE($C$3:$L$3)))/(STDEVA($C$3:$L$3))) -> 0.87774326 | G44: =ABS((G43-(AVERAGE($C$3:$L$3)))/(STDEVA($C$3:$L$3))) -> 0.65378542 | H44: =ABS((H43-(AVERAGE($C$3:$L$3)))/(STDEVA($C$3:$L$3))) -> 0.1326809 | I44: =ABS((I43-(AVERAGE($C$3:$L$3)))/(STDEVA($C$3:$L$3))) -> 2.119235 | J44: =ABS((J43-(AVERAGE($C$3:$L$3)))/(STDEVA($C$3:$L$3))) -> 0.19708708 | ... L44: =ABS((L43-(AVERAGE($C$3:$L$3)))/(STDEVA($C$3:$L$3))) -> 0.71777337 | O44: Estatística | P44: =ABS((P43-(AVERAGE($C$9:$L$9)))/(STDEVA($C$9:$L$9))) -> 0.23568039 | Q44: =ABS((Q43-(AVERAGE($C$9:$L$9)))/(STDEVA($C$9:$L$9))) -> 0.72920813 | R44: =ABS((R43-(AVERAGE($C$9:$L$9)))/(STDEVA($C$9:$L$9))) -> 0.72702242 | S44: =ABS((S43-(AVERAGE($C$9:$L$9)))/(STDEVA($C$9:$L$9))) -> 0.12016977 | T44: =ABS((T43-(AVERAGE($C$9:$L$9)))/(STDEVA($C$9:$L$9))) -> 1.1160511 | U44: =ABS((U43-(AVERAGE($C$9:$L$9)))/(STDEVA($C$9:$L$9))) -> 0.70032909 | V44: =ABS((V43-(AVERAGE($C$9:$L$9)))/(STDEVA($C$9:$L$9))) -> 0.45585606 | W44: =ABS((W43-(AVERAGE($C$9:$L$9)))/(STDEVA($C$9:$L$9))) -> 0.47124457 | ... Y44: =ABS((Y43-(AVERAGE($C$9:$L$9)))/(STDEVA($C$9:$L$9))) -> 2.382219
B45: Decisão | C45: =IF(C44>$C$41,"outlier","") | D45: =IF(D44>$C$41,"outlier","") | E45: =IF(E44>$C$41,"outlier","") | F45: =IF(F44>$C$41,"outlier","") | G45: =IF(G44>$C$41,"outlier","") | H45: =IF(H44>$C$41,"outlier","") | I45: =IF(I44>$C$41,"outlier","") -> outlier | J45: =IF(J44>$C$41,"outlier","") | ... L45: =IF(L44>$C$41,"outlier","") | O45: Decisão | P45: =IF(P44>$P$41,"outlier","") | Q45: =IF(Q44>$P$41,"outlier","") | R45: =IF(R44>$P$41,"outlier","") | S45: =IF(S44>$P$41,"outlier","") | T45: =IF(T44>$P$41,"outlier","") | U45: =IF(U44>$P$41,"outlier","") | V45: =IF(V44>$P$41,"outlier","") | W45: =IF(W44>$P$41,"outlier","") | ... Y45: =IF(Y44>$P$41,"outlier","") -> outlier
B47: Chi-quadrado | O47: Chi-quadrado
B48: Alfa | C48: 0.05 | O48: Alfa | P48: 0.05
B49: Critério | C49: =_xlfn.CHISQ.INV(1-C48, 1) -> 3.8414588 | O49: Critério | P49: =_xlfn.CHISQ.INV(1-P48, 1) -> 3.8414588
B50: Estatística | C50: =((C43-AVERAGE($C$3:$L$3))^2)/((STDEVA($C$3:$L$3))^2) -> 0.99805618 | D50: =((D43-AVERAGE($C$3:$L$3))^2)/((STDEVA($C$3:$L$3))^2) -> 0.30004777 | E50: =((E43-AVERAGE($C$3:$L$3))^2)/((STDEVA($C$3:$L$3))^2) -> 0.79559765 | F50: =((F43-AVERAGE($C$3:$L$3))^2)/((STDEVA($C$3:$L$3))^2) -> 0.77043323 | G50: =((G43-AVERAGE($C$3:$L$3))^2)/((STDEVA($C$3:$L$3))^2) -> 0.42743538 | H50: =((H43-AVERAGE($C$3:$L$3))^2)/((STDEVA($C$3:$L$3))^2) -> 0.017604223 | I50: =((I43-AVERAGE($C$3:$L$3))^2)/((STDEVA($C$3:$L$3))^2) -> 4.4911571 | J50: =((J43-AVERAGE($C$3:$L$3))^2)/((STDEVA($C$3:$L$3))^2) -> 0.038843317 | ... L50: =((L43-AVERAGE($C$3:$L$3))^2)/((STDEVA($C$3:$L$3))^2) -> 0.51519862 | O50: Estatística | P50: =((P43-AVERAGE($C$9:$L$9))^2)/((STDEVA($C$9:$L$9))^2) -> 0.055545244 | Q50: =((Q43-AVERAGE($C$9:$L$9))^2)/((STDEVA($C$9:$L$9))^2) -> 0.53174449 | R50: =((R43-AVERAGE($C$9:$L$9))^2)/((STDEVA($C$9:$L$9))^2) -> 0.5285616 | S50: =((S43-AVERAGE($C$9:$L$9))^2)/((STDEVA($C$9:$L$9))^2) -> 0.014440774 | T50: =((T43-AVERAGE($C$9:$L$9))^2)/((STDEVA($C$9:$L$9))^2) -> 1.2455701 | U50: =((U43-AVERAGE($C$9:$L$9))^2)/((STDEVA($C$9:$L$9))^2) -> 0.49046084 | V50: =((V43-AVERAGE($C$9:$L$9))^2)/((STDEVA($C$9:$L$9))^2) -> 0.20780475 | W50: =((W43-AVERAGE($C$9:$L$9))^2)/((STDEVA($C$9:$L$9))^2) -> 0.22207144 | ... Y50: =((Y43-AVERAGE($C$9:$L$9))^2)/((STDEVA($C$9:$L$9))^2) -> 5.6749672
B51: Decisão | C51: =IF(C50>$C$49,"outlier","") | D51: =IF(D50>$C$49,"outlier","") | E51: =IF(E50>$C$49,"outlier","") | F51: =IF(F50>$C$49,"outlier","") | G51: =IF(G50>$C$49,"outlier","") | H51: =IF(H50>$C$49,"outlier","") | I51: =IF(I50>$C$49,"outlier","") -> outlier | J51: =IF(J50>$C$49,"outlier","") | ... L51: =IF(L50>$C$49,"outlier","") | O51: Decisão | P51: =IF(P50>$P$49,"outlier","") | Q51: =IF(Q50>$P$49,"outlier","") | R51: =IF(R50>$P$49,"outlier","") | S51: =IF(S50>$P$49,"outlier","") | T51: =IF(T50>$P$49,"outlier","") | U51: =IF(U50>$P$49,"outlier","") | V51: =IF(V50>$P$49,"outlier","") | W51: =IF(W50>$P$49,"outlier","") | ... Y51: =IF(Y50>$P$49,"outlier","") -> outlier
B52: p-valor | C52: =1-_xlfn.CHISQ.DIST(C50, 1, TRUE) -> 0.31778131 | D52: =1-_xlfn.CHISQ.DIST(D50, 1, TRUE) -> 0.58385248 | E52: =1-_xlfn.CHISQ.DIST(E50, 1, TRUE) -> 0.37241287 | F52: =1-_xlfn.CHISQ.DIST(F50, 1, TRUE) -> 0.38008306 | G52: =1-_xlfn.CHISQ.DIST(G50, 1, TRUE) -> 0.51325006 | H52: =1-_xlfn.CHISQ.DIST(H50, 1, TRUE) -> 0.89444575 | I52: =1-_xlfn.CHISQ.DIST(I50, 1, TRUE) -> 0.034070609 | J52: =1-_xlfn.CHISQ.DIST(J50, 1, TRUE) -> 0.84375939 | ... L52: =1-_xlfn.CHISQ.DIST(L50, 1, TRUE) -> 0.47289703 | O52: p-valor | P52: =1-_xlfn.CHISQ.DIST(P50, 1, TRUE) -> 0.81368069 | Q52: =1-_xlfn.CHISQ.DIST(Q50, 1, TRUE) -> 0.46587436 | R52: =1-_xlfn.CHISQ.DIST(R50, 1, TRUE) -> 0.46721222 | S52: =1-_xlfn.CHISQ.DIST(S50, 1, TRUE) -> 0.90434866 | T52: =1-_xlfn.CHISQ.DIST(T50, 1, TRUE) -> 0.26440026 | U52: =1-_xlfn.CHISQ.DIST(U50, 1, TRUE) -> 0.48372181 | V52: =1-_xlfn.CHISQ.DIST(V50, 1, TRUE) -> 0.64849348 | W52: =1-_xlfn.CHISQ.DIST(W50, 1, TRUE) -> 0.63746609 | ... Y52: =1-_xlfn.CHISQ.DIST(Y50, 1, TRUE) -> 0.017208662
B54: Dixon | O54: Dixon
B55: Q = 0.42282, p-value = 0.04379 | F55: Q = 0.033557, p-value = 0.8667 | O55: Q = 0.48413, p-value = 0.0197 | S55: Q = 0.11111, p-value = 0.5964
B56: alternative hypothesis: highest value 2.79 is an outlier | F56: alternative hypothesis: lowest value 1.3 is an outlier | O56: alternative hypothesis: highest value 1.75 is an outlier | S56: alternative hypothesis: lowest value 0.49 is an outlier
B58: Suposição de normalidade (Shapiro-Wilk) | O58: Suposição de normalidade (Shapiro-Wilk)
B59: W = 0.8841, p-value = 0.1454 | O59: W = 0.85677, p-value = 0.06988

Sheet Estabilidade 300 uA s descarte
B2: t (min) | C2: =207/60 -> 3.45 | D2: =C2+414/60 -> 10.35 | E2: =D2+414/60 -> 17.25 | F2: =E2+414/60 -> 24.15 | G2: =F2+414/60 -> 31.05 | H2: =G2+414/60 -> 37.95 | I2: =H2+414/60 -> 44.85 | J2: =I2+414/60 -> 51.75 | K2: =J2+414/60 -> 58.65 | L2: =K2+414/60 -> 65.55 | P2: (I_1 = 300 uA, tau = 20 s) | R2: Método --> | S2: Max-Min | V2: Parâmetros da regressão linear | AF2: S
B3: Desvio de Allan (I_1 = 300 uA, tau = 20 s) | C3: ='300 uA'!B21*10^9 -> 0.86826 | D3: ='300 uA'!C21*10^9 -> 1.5248 | E3: ='300 uA'!D21*10^9 -> 0.69863 | F3: ='300 uA'!E21*10^9 -> 0.78646 | G3: ='300 uA'!F21*10^9 -> 2.5337 | H3: ='300 uA'!G21*10^9 -> 1.1187 | I3: ='300 uA'!H21*10^9 -> 1.1547 | J3: ='300 uA'!I21*10^9 -> 0.96629 | ... L3: ='300 uA'!K21*10^9 -> 1.3307 | M3: (em nA) | O3: Delta (A) | P3: u_stab. (A) | Q3: k | R3: U_stab. (A) | T3: U_stab. 20 s (A) | V3: N° de pts | W3: =COUNTA($C3:$L3) -> 10 | Y3: t_médio | Z3: =AVERAGE($C2:$L2) -> 34.5 | AA3: min | AF3: N
B4: y (inic. e fim) | C4: =0.00064*C$2+1.16488 -> 1.167088 | L4: =0.00064*L$2+1.16488 -> 1.206832 | M4: (em nA) | O4: =IF($S$2="Max-Min",MAX($C$3:$L$3)-MIN($C$3:$L$3),$L4-$C4)/10^9 -> 1.83507e-09 | P4: =ABS(O4)/SQRT($P$13) -> 5.2973908e-10 | Q4: =ROUNDDOWN(TINV(1-0.95,COUNTA($C$3:$L$3)-1),2) -> 2.26 | R4: =Q4*P4 -> 1.1972103e-09 | T4: =SQRT(SUMSQ($R4,$W6)) -> 1.1972103e-09 | V4: k_95 % | W4: =ROUND(_xlfn.T.INV((1+0.95)/2,($W3-2)),2) -> 2.31 | Y4: S_xx | Z4: =SQRT(DEVSQ($C2:$L2)) -> 62.672362
B5: y (inic. e +60 min) | C5: =0.00064*C$2+1.16488 -> 1.167088 | L5: =0.00064*(60+C$2)+1.16488 -> 1.205488 | M5: (em nA) | O5: =IF($S$2="Max-Min",MAX($C$3:$L$3)-MIN($C$3:$L$3),$L5-$C5)/10^9 -> 1.83507e-09 | P5: =ABS(O5)/SQRT($P$13) -> 5.2973908e-10 | Q5: =ROUNDDOWN(TINV(1-0.95,COUNTA($C$3:$L$3)-1),2) -> 2.26 | R5: =Q5*P5 -> 1.1972103e-09 | V5: D.P. | W5: =STEYX($C3:$L3,$C2:$L2)/10^9 -> 5.691431e-10 | X5: (em A) | AF5: Regressão linear
V6: U | W6: =IF($S2="Max-Min",0,IF($AB6="N",0,$W4*$W5/$Z4)) -> 0 | X6: (em A) | AA6: Usar incerteza da regressão? | AB6: N | AF6: Max-Min
B8: t (min) | C8: =207/60 -> 3.45 | D8: =C8+414/60 -> 10.35 | E8: =D8+414/60 -> 17.25 | F8: =E8+414/60 -> 24.15 | G8: =F8+414/60 -> 31.05 | H8: =G8+414/60 -> 37.95 | I8: =H8+414/60 -> 44.85 | J8: =I8+414/60 -> 51.75 | K8: =J8+414/60 -> 58.65 | L8: =K8+414/60 -> 65.55 | P8: (I_1 = 300 uA, tau = 99 s) | R8: Método --> | S8: Max-Min
B9: Desvio de Allan (I_1 = 300 uA, tau = 99 s) | C9: ='300 uA'!B86*10^9 -> 0.45378 | D9: ='300 uA'!C86*10^9 -> 0.98033 | E9: ='300 uA'!D86*10^9 -> 0.45236 | F9: ='300 uA'!E86*10^9 -> 0.63966 | G9: ='300 uA'!F86*10^9 -> 1.6984 | H9: ='300 uA'!G86*10^9 -> 0.47693 | I9: ='300 uA'!H86*10^9 -> 0.3167 | J9: ='300 uA'!I86*10^9 -> 0.43179 | ... L9: ='300 uA'!K86*10^9 -> 0.34642 | M9: (em nA) | O9: Delta (A) | P9: u_stab. (A) | Q9: k | R9: U_stab. (A) | T9: U_stab. 100 s (A) | V9: N° de pts | W9: =COUNTA($C9:$L9) -> 10 | Y9: t_médio | Z9: =AVERAGE($C8:$L8) -> 34.5 | AA9: min
B10: y (inic. e fim) | C10: =-0.0063*C$8+0.839 -> 0.817265 | L10: =-0.0063*L$8+0.839 -> 0.426035 | M10: (em nA) | O10: =IF($S$8="Max-Min",MAX($C$9:$L$9)-MIN($C$9:$L$9),$L10-$C10)/10^9 -> 1.3817e-09 | P10: =ABS(O10)/SQRT($P$13) -> 3.9886243e-10 | Q10: =ROUNDDOWN(TINV(1-0.95,COUNTA($C$9:$L$9)-1),2) -> 2.26 | R10: =Q10*P10 -> 9.014291e-10 | T10: =SQRT(SUMSQ($R10,$W12)) -> 9.014291e-10 | V10: k_95 % | W10: =ROUND(_xlfn.T.INV((1+0.95)/2,($W9-2)),2) -> 2.31 | Y10: S_xx | Z10: =SQRT(DEVSQ($C8:$L8)) -> 62.672362 | AF10: 3
B11: y (inic. e +60 min) | C11: =-0.0063*C$8+0.839 -> 0.817265 | L11: =-0.0063*(60+C$8)+0.839 -> 0.439265 | M11: (em nA) | O11: =IF($S$8="Max-Min",MAX($C$9:$L$9)-MIN($C$9:$L$9),$L11-$C11)/10^9 -> 1.3817e-09 | P11: =ABS(O11)/SQRT($P$13) -> 3.9886243e-10 | Q11: =ROUNDDOWN(TINV(1-0.95,COUNTA($C$9:$L$9)-1),2) -> 2.26 | R11: =Q11*P11 -> 9.014291e-10 | V11: D.P. | W11: =STEYX($C9:$L9,$C8:$L8)/10^9 -> 4.2647563e-10 | X11: (em A) | AF11: 6
V12: U | W12: =IF($S8="Max-Min",0,IF($AB12="N",0,$W10*$W11/$Z10)) -> 0 | X12: (em A) | AA12: Usar incerteza da regressão? | AB12: N | AF12: 12
O13: Divisor | P13: 12 | U13: [3 = retangular; 6 = triangular; 12 = retangular assimétrica (GUM 4.3.8)]
E37: R | F37: =PEARSON(C3:L3,C2:L2) -> 0.024921897 | P37: R | Q37: =PEARSON(C9:L9,C8:L8) -> -0.31071095
B39: Chauvenet (outliers) - 20 s | O39: Chauvenet (outliers) - 100 s
B40: n | C40: 10 | O40: n | P40: 10
B41: Critério | C41: =ABS(_xlfn.NORM.S.INV(1/(4*C40))) -> 1.959964 | O41: Critério | P41: =ABS(_xlfn.NORM.S.INV(1/(4*P40))) -> 1.959964
B42: t (min) | C42: 3.45 | D42: 10.35 | E42: 17.25 | F42: 24.15 | G42: 31.05 | H42: 37.95 | I42: 44.85 | J42: 51.75 | K42: 58.65 | L42: 65.55 | O42: t (min) | P42: 3.45 | Q42: 10.35 | R42: 17.25 | S42: 24.15 | T42: 31.05 | U42: 37.95 | V42: 44.85 | W42: 51.75 | X42: 58.65 | Y42: 65.55
B43: =B3 -> Desvio de Allan (I_1 = 300 uA, tau = 20 s) | C43: =C3 -> 0.86826 | D43: =D3 -> 1.5248 | E43: =E3 -> 0.69863 | F43: =F3 -> 0.78646 | G43: =G3 -> 2.5337 | H43: =H3 -> 1.1187 | I43: =I3 -> 1.1547 | ... L43: =L3 -> 1.3307 | M43: (em nA) | O43: =B9 -> Desvio de Allan (I_1 = 300 uA, tau = 99 s) | P43: =C9 -> 0.45378 | Q43: =D9 -> 0.98033 | R43: =E9 -> 0.45236 | S43: =F9 -> 0.63966 | T43: =G9 -> 1.6984 | U43: =H9 -> 0.47693 | V43: =I9 -> 0.3167 | ... Y43: =L9 -> 0.34642 | Z43: (em nA)
B44: Estatística | C44: =ABS((C43-(AVERAGE($C$3:$L$3)))/(STDEVA($C$3:$L$3))) -> 0.5937775 | D44: =ABS((D43-(AVERAGE($C$3:$L$3)))/(STDEVA($C$3:$L$3))) -> 0.62937628 | E44: =ABS((E43-(AVERAGE($C$3:$L$3)))/(STDEVA($C$3:$L$3))) -> 0.90980329 | F44: =ABS((F43-(AVERAGE($C$3:$L$3)))/(STDEVA($C$3:$L$3))) -> 0.74617336 | G44: =ABS((G43-(AVERAGE($C$3:$L$3)))/(STDEVA($C$3:$L$3))) -> 2.5089873 | H44: =ABS((H43-(AVERAGE($C$3:$L$3)))/(STDEVA($C$3:$L$3))) -> 0.12720024 | I44: =ABS((I43-(AVERAGE($C$3:$L$3)))/(STDEVA($C$3:$L$3))) -> 0.060131159 | J44: =ABS((J43-(AVERAGE($C$3:$L$3)))/(STDEVA($C$3:$L$3))) -> 0.41114466 | ... L44: =ABS((L43-(AVERAGE($C$3:$L$3)))/(STDEVA($C$3:$L$3))) -> 0.26776214 | O44: Estatística | P44: =ABS((P43-(AVERAGE($C$9:$L$9)))/(STDEVA($C$9:$L$9))) -> 0.39743481 | Q44: =ABS((Q43-(AVERAGE($C$9:$L$9)))/(STDEVA($C$9:$L$9))) -> 0.84729705 | R44: =ABS((R43-(AVERAGE($C$9:$L$9)))/(STDEVA($C$9:$L$9))) -> 0.4007916 | S44: =ABS((S43-(AVERAGE($C$9:$L$9)))/(STDEVA($C$9:$L$9))) -> 0.041974094 | T44: =ABS((T43-(AVERAGE($C$9:$L$9)))/(STDEVA($C$9:$L$9))) -> 2.5447704 | U44: =ABS((U43-(AVERAGE($C$9:$L$9)))/(STDEVA($C$9:$L$9))) -> 0.34270963 | V44: =ABS((V43-(AVERAGE($C$9:$L$9)))/(STDEVA($C$9:$L$9))) -> 0.72148351 | W44: =ABS((W43-(AVERAGE($C$9:$L$9)))/(STDEVA($C$9:$L$9))) -> 0.44941782 | ... Y44: =ABS((Y43-(AVERAGE($C$9:$L$9)))/(STDEVA($C$9:$L$9))) -> 0.65122726
B45: Decisão | C45: =IF(C44>$C$41,"outlier","") | D45: =IF(D44>$C$41,"outlier","") | E45: =IF(E44>$C$41,"outlier","") | F45: =IF(F44>$C$41,"outlier","") | G45: =IF(G44>$C$41,"outlier","") -> outlier | H45: =IF(H44>$C$41,"outlier","") | I45: =IF(I44>$C$41,"outlier","") | J45: =IF(J44>$C$41,"outlier","") | ... L45: =IF(L44>$C$41,"outlier","") | O45: Decisão | P45: =IF(P44>$P$41,"outlier","") | Q45: =IF(Q44>$P$41,"outlier","") | R45: =IF(R44>$P$41,"outlier","") | S45: =IF(S44>$P$41,"outlier","") | T45: =IF(T44>$P$41,"outlier","") -> outlier | U45: =IF(U44>$P$41,"outlier","") | V45: =IF(V44>$P$41,"outlier","") | W45: =IF(W44>$P$41,"outlier","") | ... Y45: =IF(Y44>$P$41,"outlier","")
B47: Chi-quadrado | O47: Chi-quadrado
B48: Alfa | C48: 0.05 | O48: Alfa | P48: 0.05
B49: Critério | C49: =_xlfn.CHISQ.INV(1-C48, 1) -> 3.8414588 | O49: Critério | P49: =_xlfn.CHISQ.INV(1-P48, 1) -> 3.8414588
B50: Estatística | C50: =((C43-AVERAGE($C$3:$L$3))^2)/((STDEVA($C$3:$L$3))^2) -> 0.35257172 | D50: =((D43-AVERAGE($C$3:$L$3))^2)/((STDEVA($C$3:$L$3))^2) -> 0.3961145 | E50: =((E43-AVERAGE($C$3:$L$3))^2)/((STDEVA($C$3:$L$3))^2) -> 0.82774203 | F50: =((F43-AVERAGE($C$3:$L$3))^2)/((STDEVA($C$3:$L$3))^2) -> 0.55677469 | G50: =((G43-AVERAGE($C$3:$L$3))^2)/((STDEVA($C$3:$L$3))^2) -> 6.2950175 | H50: =((H43-AVERAGE($C$3:$L$3))^2)/((STDEVA($C$3:$L$3))^2) -> 0.016179902 | I50: =((I43-AVERAGE($C$3:$L$3))^2)/((STDEVA($C$3:$L$3))^2) -> 0.0036157563 | J50: =((J43-AVERAGE($C$3:$L$3))^2)/((STDEVA($C$3:$L$3))^2) -> 0.16903993 | ... L50: =((L43-AVERAGE($C$3:$L$3))^2)/((STDEVA($C$3:$L$3))^2) -> 0.071696562 | O50: Estatística | P50: =((P43-AVERAGE($C$9:$L$9))^2)/((STDEVA($C$9:$L$9))^2) -> 0.15795443 | Q50: =((Q43-AVERAGE($C$9:$L$9))^2)/((STDEVA($C$9:$L$9))^2) -> 0.7179123 | R50: =((R43-AVERAGE($C$9:$L$9))^2)/((STDEVA($C$9:$L$9))^2) -> 0.16063391 | S50: =((S43-AVERAGE($C$9:$L$9))^2)/((STDEVA($C$9:$L$9))^2) -> 0.0017618245 | T50: =((T43-AVERAGE($C$9:$L$9))^2)/((STDEVA($C$9:$L$9))^2) -> 6.4758566 | U50: =((U43-AVERAGE($C$9:$L$9))^2)/((STDEVA($C$9:$L$9))^2) -> 0.11744989 | V50: =((V43-AVERAGE($C$9:$L$9))^2)/((STDEVA($C$9:$L$9))^2) -> 0.52053846 | W50: =((W43-AVERAGE($C$9:$L$9))^2)/((STDEVA($C$9:$L$9))^2) -> 0.20197638 | ... Y50: =((Y43-AVERAGE($C$9:$L$9))^2)/((STDEVA($C$9:$L$9))^2) -> 0.42409694
B51: Decisão | C51: =IF(C50>$C$49,"outlier","") | D51: =IF(D50>$C$49,"outlier","") | E51: =IF(E50>$C$49,"outlier","") | F51: =IF(F50>$C$49,"outlier","") | G51: =IF(G50>$C$49,"outlier","") -> outlier | H51: =IF(H50>$C$49,"outlier","") | I51: =IF(I50>$C$49,"outlier","") | J51: =IF(J50>$C$49,"outlier","") | ... L51: =IF(L50>$C$49,"outlier","") | O51: Decisão | P51: =IF(P50>$P$49,"outlier","") | Q51: =IF(Q50>$P$49,"outlier","") | R51: =IF(R50>$P$49,"outlier","") | S51: =IF(S50>$P$49,"outlier","") | T51: =IF(T50>$P$49,"outlier","") -> outlier | U51: =IF(U50>$P$49,"outlier","") | V51: =IF(V50>$P$49,"outlier","") | W51: =IF(W50>$P$49,"outlier","") | ... Y51: =IF(Y50>$P$49,"outlier","")
B52: p-valor | C52: =1-_xlfn.CHISQ.DIST(C50, 1, TRUE) -> 0.55266094 | D52: =1-_xlfn.CHISQ.DIST(D50, 1, TRUE) -> 0.52910274 | E52: =1-_xlfn.CHISQ.DIST(E50, 1, TRUE) -> 0.36292626 | F52: =1-_xlfn.CHISQ.DIST(F50, 1, TRUE) -> 0.4555627 | G52: =1-_xlfn.CHISQ.DIST(G50, 1, TRUE) -> 0.012107782 | H52: =1-_xlfn.CHISQ.DIST(H50, 1, TRUE) -> 0.89878191 | I52: =1-_xlfn.CHISQ.DIST(I50, 1, TRUE) -> 0.95205117 | J52: =1-_xlfn.CHISQ.DIST(J50, 1, TRUE) -> 0.68096646 | ... L52: =1-_xlfn.CHISQ.DIST(L50, 1, TRUE) -> 0.78888242 | O52: p-valor | P52: =1-_xlfn.CHISQ.DIST(P50, 1, TRUE) -> 0.69104685 | Q52: =1-_xlfn.CHISQ.DIST(Q50, 1, TRUE) -> 0.39682957 | R52: =1-_xlfn.CHISQ.DIST(R50, 1, TRUE) -> 0.68857356 | S52: =1-_xlfn.CHISQ.DIST(S50, 1, TRUE) -> 0.96651935 | T52: =1-_xlfn.CHISQ.DIST(T50, 1, TRUE) -> 0.01093496 | U52: =1-_xlfn.CHISQ.DIST(U50, 1, TRUE) -> 0.73181691 | V52: =1-_xlfn.CHISQ.DIST(V50, 1, TRUE) -> 0.47061208 | W52: =1-_xlfn.CHISQ.DIST(W50, 1, TRUE) -> 0.65313028 | ... Y52: =1-_xlfn.CHISQ.DIST(Y50, 1, TRUE) -> 0.5148998
B54: Dixon | O54: Dixon
B55: Q = 0.55191, p-value = 0.006426 | F55: Q = 0.04918, p-value = 0.8068 | O55: Q = 0.52174, p-value = 0.01096 | S55: Q = 0.021739, p-value = 0.9126
B56: alternative hypothesis: highest value 2.53 is an outlier | F56: alternative hypothesis: lowest value 0.7 is an outlier | O56: alternative hypothesis: highest value 1.7 is an outlier | S56: alternative hypothesis: lowest value 0.32 is an outlier
B58: Suposição de normalidade (Shapiro-Wilk) | O58: Suposição de normalidade (Shapiro-Wilk)
B59: W = 0.79145, p-value = 0.01141 | O59: W = 0.68657, p-value = 0.0006059
E60: para | R60: para
B61: z-score modificado (MAD) | C61: [1] 2.53 | E61: pnorm(4) | O61: z-score modificado (MAD) | Q61: [1] 0.98 1.70 | R61: pnorm(4)
C62: [1] 2.53 | E62: pnorm(3,5) | Q62: [1] 0.98 1.70 | R62: pnorm(3,5)
C63: [1] 2.53 | E63: pnorm(3) | Q63: [1] 0.98 1.70 | R63: pnorm(3)
